,geneNames,feature,id,fc,pval,qval,mean
91,SPO1590.t01,gene,MSTRG.1237,0.515540319,6.20E-06,0.006850172,77.08398143
158,SPO1820.t01,gene,MSTRG.1419,0.462053131,3.66E-06,0.006850172,87.04681107
250,SPO2209.t01,gene,MSTRG.1726,1.42509771,6.18E-06,0.006850172,89.13442171
577,SPO3307.t01,gene,MSTRG.2600,1.633572661,1.17E-05,0.009671557,119.2862539
139,SPO1753.t01,gene,MSTRG.1362,1.882376646,2.56E-05,0.017000595,117.538125
520,SPO3106.t01,gene,MSTRG.2438,1.658885526,5.15E-05,0.024287729,136.3798554
617,SPO3444.t01,gene,MSTRG.2715,1.452412294,4.44E-05,0.024287729,127.482935
743,SPOA0048.t01,gene,MSTRG.3114,0.36351517,6.76E-05,0.024287729,89.22208899
784,SPOA0195.t01,gene,MSTRG.3227,0.577746395,7.78E-05,0.024287729,84.85802963
800,SPOA0232.t01,gene,MSTRG.3256,0.545108649,7.02E-05,0.024287729,87.5164273
878,SPO0569.t01,gene,MSTRG.421,0.619754798,8.06E-05,0.024287729,84.68384157
299,SPO2403.t01,gene,MSTRG.1877,1.019318925,8.98E-05,0.024820019,0.010451214
112,SPO1644.t01,gene,MSTRG.1278,0.275158429,0.000148052,0.025019277,86.2905667
160,SPO1821.t01,gene,MSTRG.1420,0.230289344,0.00025977,0.025019277,82.17126571
172,SPO1839.t01,gene,MSTRG.1434,0.307714549,0.000195327,0.025019277,89.48267286
221,SPO2069.t01,gene,MSTRG.1613,1.491777917,0.000161915,0.025019277,115.5551832
256,SPO2220.t01,gene,MSTRG.1737,0.69630851,0.000264155,0.025019277,85.77627286
294,SPO2368.t01,gene,MSTRG.1859,0.363255316,0.000205734,0.025019277,77.06180129
300,SPO2408.t01,gene,MSTRG.1879,0.489911815,0.0002045,0.025019277,86.7039875
465,SPO0320.t01,gene,MSTRG.229,1.477566762,0.000197792,0.025019277,95.10205793
531,SPO3134.t01,gene,MSTRG.2458,2.006479366,0.000163961,0.025019277,104.1126851
554,SPO3207.t01,gene,MSTRG.2515,1.379660387,0.000261031,0.025019277,147.7372858
611,SPO3417.t01,gene,MSTRG.2696,2.065382603,0.000137292,0.025019277,132.4712721
758,SPOA0112.t01,gene,MSTRG.3161,0.423537495,0.000250854,0.025019277,79.4621305
759,SPOA0113.t01,gene,MSTRG.3162,0.454854019,0.000135996,0.025019277,91.7215725
761,SPOA0115.t01,gene,MSTRG.3164,0.43935563,0.000131151,0.025019277,87.10982743
762,SPOA0116.t01,gene,MSTRG.3165,0.40864198,0.000202502,0.025019277,98.67062664
769,SPOA0145.t01,gene,MSTRG.3187,0.555099243,0.000217784,0.025019277,89.03406043
804,SPOA0260.t01,gene,MSTRG.3279,0.273425208,0.00017123,0.025019277,85.59705114
806,SPOA0266.t01,gene,MSTRG.3284,0.534778586,0.000113194,0.025019277,85.42745502
815,SPOA0288.t01,gene,MSTRG.3301,0.415117065,0.0001544,0.025019277,84.16544857
836,SPOA0386.t01,gene,MSTRG.3379,0.388960974,0.000224741,0.025019277,85.79149079
903,SPO0661.t01,gene,MSTRG.492,0.410937737,0.000231124,0.025019277,81.88170656
911,SPO0698.t01,gene,MSTRG.523,0.883534491,0.000150182,0.025019277,0.062015714
1064,SPO1201.t01,gene,MSTRG.927,1.576729535,0.000251744,0.025019277,138.7604079
899,SPO0645.t01,gene,MSTRG.481,1.880516414,0.00027961,0.025051514,101.8508304
902,SPO0659.t01,gene,MSTRG.490,0.473102671,0.000277478,0.025051514,90.54766829
110,SPO1641.t01,gene,MSTRG.1275,0.322891047,0.000311327,0.025074149,91.47242857
148,SPO1779.t01,gene,MSTRG.1385,1.488712674,0.00030423,0.025074149,105.7786529
354,SPO2540.t01,gene,MSTRG.1989,0.210311207,0.000292157,0.025074149,85.89541471
385,SPO2642.t01,gene,MSTRG.2072,0.352749619,0.000299706,0.025074149,85.75785
770,SPO0471.t01,gene,MSTRG.319,0.693077028,0.000317682,0.025074149,87.27849357
409,SPO2720.t01,gene,MSTRG.2130,0.305961123,0.00034473,0.025388365,84.21751843
984,SPO0991.t01,gene,MSTRG.761,0.195077317,0.000335235,0.025388365,88.10217071
988,SPO0998.t01,gene,MSTRG.768,0.408661709,0.000344115,0.025388365,92.08727849
1030,SPO0120.t01,gene,MSTRG.86,0.262517743,0.000352297,0.025388365,99.03188307
336,SPO2476.t01,gene,MSTRG.1935,1.41617461,0.000369236,0.026042905,113.8352686
402,SPO2702.t01,gene,MSTRG.2118,0.321966652,0.000391371,0.026902907,77.36213621
1048,SPO1143.t01,gene,MSTRG.893,0.316651355,0.00039766,0.026902907,95.709277
161,SPO1822.t01,gene,MSTRG.1421,0.271727421,0.000425743,0.027673285,79.6420505
392,SPO0295.t01,gene,MSTRG.210,1.510572388,0.000425403,0.027673285,157.3348073
933,SPO0765.t01,gene,MSTRG.579,0.491698654,0.000448279,0.028038581,84.18499614
1015,SPO1073.t01,gene,MSTRG.829,0.200335255,0.000446288,0.028038581,97.64527093
401,SPO2699.t01,gene,MSTRG.2116,0.355241776,0.000464047,0.028487345,79.16635715
9,SPO1335.t01,gene,MSTRG.1035,1.648679567,0.000477197,0.02869688,107.3932701
1047,SPO1141.t01,gene,MSTRG.892,0.531392557,0.000484774,0.02869688,78.33842124
936,SPO0770.t01,gene,MSTRG.584,0.424961817,0.000503063,0.029257108,85.69664394
42,SPO1445.t01,gene,MSTRG.1138,0.404856703,0.000574155,0.029556422,85.64759339
74,SPO1544.t01,gene,MSTRG.1203,0.344183545,0.000585354,0.029556422,81.89903232
263,SPO2250.t01,gene,MSTRG.1762,0.490609996,0.000618486,0.029556422,89.91531531
351,SPO2535.t01,gene,MSTRG.1984,0.230306898,0.000590899,0.029556422,82.7433015
358,SPO2547.t01,gene,MSTRG.1996,0.295820446,0.000526667,0.029556422,85.68684471
372,SPO0282.t01,gene,MSTRG.204,1.538043362,0.000558178,0.029556422,156.0211053
458,SPO0317.t01,gene,MSTRG.227,1.531050865,0.000581762,0.029556422,140.7092023
500,SPO3047.t01,gene,MSTRG.2384,0.451996181,0.000623101,0.029556422,82.17906936
661,SPO3630.t01,gene,MSTRG.2876,1.705201721,0.000564474,0.029556422,117.3004922
668,SPO3649.t01,gene,MSTRG.2894,1.319800649,0.000633033,0.029556422,134.5885756
688,SPO3724.t01,gene,MSTRG.2952,0.368339055,0.000603032,0.029556422,94.53843629
760,SPOA0114.t01,gene,MSTRG.3163,0.458110312,0.000630642,0.029556422,94.3426185
777,SPOA0163.t01,gene,MSTRG.3204,0.306161361,0.000552257,0.029556422,91.27970314
932,SPO0764.t01,gene,MSTRG.578,0.354770048,0.000578092,0.029556422,85.05093821
518,SPO3098.t01,gene,MSTRG.2430,0.268778371,0.000651735,0.030006987,84.75076579
436,SPO2834.t01,gene,MSTRG.2209,0.197079691,0.000663641,0.030136568,79.24335114
104,SPO1616.t01,gene,MSTRG.1254,0.368565699,0.000691371,0.030558593,70.25449193
744,SPOA0051.t01,gene,MSTRG.3116,0.49746285,0.000688029,0.030558593,83.18952826
145,SPO1774.t01,gene,MSTRG.1380,0.637009466,0.000712573,0.030584815,69.74881864
170,SPO1836.t01,gene,MSTRG.1432,0.473264906,0.000735782,0.030584815,88.86938305
350,SPO2532.t01,gene,MSTRG.1982,0.547513368,0.000746327,0.030584815,86.72704268
645,SPO3562.t01,gene,MSTRG.2814,0.347220893,0.000737929,0.030584815,87.59480907
807,SPOA0268.t01,gene,MSTRG.3285,0.350103502,0.00074552,0.030584815,93.35119129
844,SPOA0409.t01,gene,MSTRG.3397,0.430407803,0.000747321,0.030584815,84.93468207
406,SPO2709.t01,gene,MSTRG.2123,0.226943495,0.00077179,0.031185576,82.85791682
454,SPO2904.t01,gene,MSTRG.2259,1.543590636,0.000790223,0.031185576,123.81769
716,SPO3813.t01,gene,MSTRG.3019,1.655591486,0.000789511,0.031185576,103.8045958
316,SPO2436.t01,gene,MSTRG.1901,0.383736004,0.000815696,0.031762599,86.03691157
556,SPO0348.t01,gene,MSTRG.252,1.759951283,0.000841734,0.031762599,106.1994337
591,SPO3350.t01,gene,MSTRG.2640,1.565760387,0.00084317,0.031762599,123.946857
812,SPOA0283.t01,gene,MSTRG.3297,0.286358504,0.000825402,0.031762599,89.62995421
287,SPO2356.t01,gene,MSTRG.1851,0.502412118,0.000854303,0.031820402,90.84911907
6,SPO1322.t01,gene,MSTRG.1024,4.032522761,0.000933868,0.031991017,4.489226286
15,SPO1357.t01,gene,MSTRG.1057,1.667828669,0.000898792,0.031991017,95.19202371
19,SPO1366.t01,gene,MSTRG.1067,1.810063924,0.000908292,0.031991017,163.6794984
357,SPO2546.t01,gene,MSTRG.1995,0.288485676,0.000925315,0.031991017,77.635675
389,SPO2666.t01,gene,MSTRG.2089,0.439512285,0.000891839,0.031991017,76.20444286
403,SPO2703.t01,gene,MSTRG.2119,0.131012659,0.001036949,0.031991017,86.74207386
411,SPO2725.t01,gene,MSTRG.2134,0.284633707,0.000999648,0.031991017,69.97614693
449,SPO2882.t01,gene,MSTRG.2244,0.42712369,0.000937747,0.031991017,77.10276864
548,SPO3183.t01,gene,MSTRG.2497,0.437000896,0.001039792,0.031991017,85.64732236
573,SPO3300.t01,gene,MSTRG.2593,0.56353817,0.000995949,0.031991017,86.22380114
604,SPO3401.t01,gene,MSTRG.2680,0.171896582,0.001011908,0.031991017,91.61117529
635,SPO3534.t01,gene,MSTRG.2790,1.601987628,0.000969372,0.031991017,111.9090612
739,SPOA0027.t01,gene,MSTRG.3096,0.456139151,0.001042241,0.031991017,86.02291829
874,SPO0564.t01,gene,MSTRG.418,0.248327042,0.000950116,0.031991017,88.57635064
993,SPO1012.t01,gene,MSTRG.780,1.592221216,0.00104213,0.031991017,83.12195036
1023,SPO1086.t01,gene,MSTRG.841,1.403066749,0.001013298,0.031991017,100.326654
1025,SPO1089.t01,gene,MSTRG.844,0.721937464,0.001022737,0.031991017,328.9417334
1070,SPO1225.t01,gene,MSTRG.948,0.291920226,0.000934255,0.031991017,85.80280279
1074,SPO1250.t01,gene,MSTRG.971,1.380267717,0.000907879,0.031991017,96.12102729
363,SPO2570.t01,gene,MSTRG.2009,1.763819325,0.001070758,0.032013072,122.4346463
499,SPO3040.t01,gene,MSTRG.2378,0.42514996,0.001071931,0.032013072,84.4123485
511,SPO3077.t01,gene,MSTRG.2410,1.396835948,0.001061826,0.032013072,104.8792725
98,SPO1609.t01,gene,MSTRG.1247,0.404515406,0.001143044,0.032665429,76.58124236
379,SPO2622.t01,gene,MSTRG.2058,1.70299226,0.001138358,0.032665429,100.2879624
679,SPO3693.t01,gene,MSTRG.2927,1.943009442,0.001138078,0.032665429,120.246336
942,SPO0788.t01,gene,MSTRG.597,0.466117396,0.001106746,0.032665429,108.5155961
983,SPO0988.t01,gene,MSTRG.758,1.497977124,0.001120569,0.032665429,141.6211417
169,SPO1832.t01,gene,MSTRG.1429,0.276042963,0.001219953,0.034565336,80.93691949
798,SPOA0227.t01,gene,MSTRG.3251,0.47687574,0.001238841,0.034803019,86.28106414
400,SPO2697.t01,gene,MSTRG.2115,0.264013191,0.00125376,0.034926166,80.85216873
18,SPO1365.t01,gene,MSTRG.1066,1.499236559,0.00127019,0.035055269,0.798144643
547,SPO3175.t01,gene,MSTRG.2491,1.455273272,0.001285059,0.035055269,165.9983812
605,SPO3402.t01,gene,MSTRG.2681,0.231509507,0.001290118,0.035055269,84.47497529
876,SPO0065.t01,gene,MSTRG.42,1.383172186,0.001300795,0.03505802,130.823969
506,SPO3067.t01,gene,MSTRG.2402,1.648184648,0.001322812,0.035080974,101.8992074
939,SPO0782.t01,gene,MSTRG.592,0.312441207,0.001317688,0.035080974,93.68670191
1075,SPO1256.t01,gene,MSTRG.978,1.897793231,0.001341736,0.035300427,98.62920793
405,SPO2708.t01,gene,MSTRG.2122,0.356326536,0.001367305,0.03541107,90.54493829
822,SPOA0322.t01,gene,MSTRG.3328,1.566698549,0.001363753,0.03541107,144.3586377
92,SPO1591.t01,gene,MSTRG.1238,0.278547018,0.001400428,0.035424653,93.2456085
650,SPO3593.t01,gene,MSTRG.2842,2.093176822,0.00138297,0.035424653,93.59712864
684,SPO3703.t01,gene,MSTRG.2936,1.807395957,0.001393891,0.035424653,111.4369157
799,SPOA0228.t01,gene,MSTRG.3252,0.267704741,0.001410574,0.035424653,92.12375807
93,SPO1592.t01,gene,MSTRG.1239,0.297418668,0.001464341,0.03593211,85.46441814
303,SPO2414.t01,gene,MSTRG.1884,0.61788735,0.001474138,0.03593211,87.58161348
538,SPO3153.t01,gene,MSTRG.2475,0.224475779,0.0014417,0.03593211,83.763146
572,SPO3286.t01,gene,MSTRG.2580,0.466101237,0.001471425,0.03593211,81.40740171
519,SPO3104.t01,gene,MSTRG.2436,1.426597511,0.001491009,0.036078054,109.0484246
183,SPO0205.t01,gene,MSTRG.147,0.351412027,0.001533897,0.036263291,90.8753055
198,SPO0210.t01,gene,MSTRG.152,0.12867065,0.001535865,0.036263291,21.18736529
796,SPOA0222.t01,gene,MSTRG.3249,0.437364515,0.001539776,0.036263291,97.8149517
898,SPO0639.t01,gene,MSTRG.477,0.291276745,0.001542421,0.036263291,70.77900843
952,SPO0822.t01,gene,MSTRG.627,0.426362557,0.001554865,0.036298427,87.94032267
887,SPO0589.t01,gene,MSTRG.437,0.220467416,0.001579697,0.036620253,92.20036571
308,SPO2420.t01,gene,MSTRG.1889,0.392691376,0.001659386,0.038200439,90.84592513
460,SPO2931.t01,gene,MSTRG.2279,1.592645838,0.001675071,0.038295598,116.3949704
525,SPO3123.t01,gene,MSTRG.2450,0.191468326,0.001691127,0.038397856,83.33245936
292,SPO2365.t01,gene,MSTRG.1857,0.282810853,0.001722372,0.0385788,88.70605816
501,SPO3048.t01,gene,MSTRG.2385,0.584254864,0.001718346,0.0385788,76.87400179
974,SPO0098.t01,gene,MSTRG.70,0.42227885,0.001736365,0.038631204,88.20100647
502,SPO3049.t01,gene,MSTRG.2386,0.449505205,0.001773876,0.039202665,81.21058936
55,SPO1478.t01,gene,MSTRG.1158,2.735153205,0.001856042,0.03981402,133.1737962
344,SPO2505.t01,gene,MSTRG.1960,1.850813065,0.001885611,0.03981402,133.0059074
374,SPO2610.t01,gene,MSTRG.2047,1.781271591,0.001825886,0.03981402,109.7654506
388,SPO2662.t01,gene,MSTRG.2086,0.344173673,0.001874952,0.03981402,82.68880589
526,SPO3124.t01,gene,MSTRG.2451,0.487122248,0.001871262,0.03981402,96.8060565
677,SPO3687.t01,gene,MSTRG.2921,0.418575202,0.001860423,0.03981402,86.99196314
1051,SPO1148.t01,gene,MSTRG.898,1.497894454,0.001852239,0.03981402,90.18318843
349,SPO2529.t01,gene,MSTRG.1981,0.403595037,0.001902528,0.039916961,82.67633441
318,SPO2438.t01,gene,MSTRG.1903,0.275501628,0.001915815,0.039942927,87.61549936
277,SPO2309.t01,gene,MSTRG.1810,0.351639667,0.001935052,0.040091855,73.4739055
151,SPO1783.t01,gene,MSTRG.1389,0.662098376,0.001988793,0.040609214,86.281483
246,SPO2194.t01,gene,MSTRG.1711,0.26222571,0.002092401,0.040609214,80.86476821
288,SPO2357.t01,gene,MSTRG.1852,1.755365063,0.002090748,0.040609214,83.06040536
321,SPO2443.t01,gene,MSTRG.1908,1.983245741,0.002063524,0.040609214,90.05795493
329,SPO2462.t01,gene,MSTRG.1923,2.244794138,0.002006971,0.040609214,72.71325279
348,SPO0275.t01,gene,MSTRG.198,2.022763832,0.002111524,0.040609214,107.0376304
355,SPO2541.t01,gene,MSTRG.1990,0.404886644,0.00204512,0.040609214,92.88311993
356,SPO2545.t01,gene,MSTRG.1994,0.493148764,0.002097666,0.040609214,79.98376629
487,SPO2996.t01,gene,MSTRG.2338,1.706983337,0.001987358,0.040609214,99.45032842
557,SPO3217.t01,gene,MSTRG.2520,1.547314619,0.002119274,0.040609214,145.7374293
606,SPO3403.t01,gene,MSTRG.2682,0.215627151,0.002085748,0.040609214,85.34374407
619,SPO3460.t01,gene,MSTRG.2728,0.530763129,0.002051219,0.040609214,86.22425071
1044,SPO1135.t01,gene,MSTRG.886,1.422826742,0.002114804,0.040609214,151.2305124
114,SPO1648.t01,gene,MSTRG.1280,0.366368879,0.002175127,0.041203114,90.56451086
352,SPO2538.t01,gene,MSTRG.1987,0.468559083,0.002162904,0.041203114,81.79122679
272,SPO0253.t01,gene,MSTRG.179,1.819886326,0.002199472,0.041427557,131.5372889
621,SPO3469.t01,gene,MSTRG.2733,0.693603175,0.00225131,0.041927486,394.2029681
842,SPOA0404.t01,gene,MSTRG.3395,0.496287458,0.002248279,0.041927486,89.16568536
880,SPO0571.t01,gene,MSTRG.423,0.394582012,0.002287362,0.04236092,92.79708307
178,SPO1859.t01,gene,MSTRG.1449,1.484714739,0.002316982,0.042500289,105.2233554
585,SPO3333.t01,gene,MSTRG.2625,1.998356713,0.002320529,0.042500289,112.4963274
125,SPO1695.t01,gene,MSTRG.1319,0.520917168,0.002336704,0.042561395,88.42709409
840,SPO0389.t01,gene,MSTRG.339,0.495180376,0.002377309,0.043064374,87.15395379
747,SPOA0064.t01,gene,MSTRG.3126,0.695587135,0.002406655,0.043359036,90.68844743
21,SPO1375.t01,gene,MSTRG.1075,1.537585127,0.002614474,0.044061407,104.8331976
34,SPO1410.t01,gene,MSTRG.1107,1.521937897,0.002523257,0.044061407,130.9132654
100,SPO1611.t01,gene,MSTRG.1249,0.238768438,0.00252286,0.044061407,83.10925864
115,SPO1649.t01,gene,MSTRG.1281,0.530169206,0.002569411,0.044061407,85.60662521
220,SPO2058.t01,gene,MSTRG.1604,1.741413889,0.002597561,0.044061407,4.584959643
307,SPO2419.t01,gene,MSTRG.1888,0.268064619,0.002548696,0.044061407,84.69628686
312,SPO2425.t01,gene,MSTRG.1893,0.341212273,0.002641768,0.044061407,89.79257843
428,SPO2803.t01,gene,MSTRG.2188,0.19273696,0.002560422,0.044061407,83.6305272
440,SPO2846.t01,gene,MSTRG.2219,0.352752403,0.002537105,0.044061407,89.10435007
480,SPO2979.t01,gene,MSTRG.2322,0.536928543,0.002619826,0.044061407,83.19669531
559,SPO3227.t01,gene,MSTRG.2527,1.5740253,0.002645014,0.044061407,93.59255493
580,SPO3319.t01,gene,MSTRG.2611,1.705711189,0.00262758,0.044061407,99.02302114
647,SPO3583.t01,gene,MSTRG.2833,1.877781983,0.002575768,0.044061407,118.1322518
757,SPO0467.t01,gene,MSTRG.316,0.367109092,0.002477381,0.044061407,91.95060893
776,SPOA0159.t01,gene,MSTRG.3201,0.364754067,0.002643337,0.044061407,77.17644929
62,SPO1494.t01,gene,MSTRG.1166,0.390763965,0.002672738,0.044145556,88.42408107
265,SPO2257.t01,gene,MSTRG.1764,0.311304511,0.002690016,0.044145556,92.9674645
576,SPO0035.t01,gene,MSTRG.26,1.661586304,0.002687717,0.044145556,109.5682726
57,SPO1482.t01,gene,MSTRG.1160,2.32450894,0.002743944,0.044808744,103.4195439
63,SPO0160.t01,gene,MSTRG.117,0.450659304,0.002814743,0.045255836,96.77818293
226,SPO2084.t01,gene,MSTRG.1624,1.815742263,0.002921493,0.045255836,122.2074689
242,SPO2173.t01,gene,MSTRG.1694,1.30801342,0.002855717,0.045255836,97.25555036
306,SPO2418.t01,gene,MSTRG.1887,0.165159502,0.002917851,0.045255836,79.42821121
681,SPO3696.t01,gene,MSTRG.2929,0.455722061,0.002791395,0.045255836,89.75954429
737,SPOA0018.t01,gene,MSTRG.3091,2.08133042,0.002844562,0.045255836,127.4843979
753,SPOA0097.t01,gene,MSTRG.3149,0.505523118,0.00285739,0.045255836,84.49105495
787,SPOA0202.t01,gene,MSTRG.3231,1.510461113,0.002895149,0.045255836,112.3514786
900,SPO0651.t01,gene,MSTRG.486,0.522156405,0.002896857,0.045255836,88.21724232
958,SPO0857.t01,gene,MSTRG.648,0.452050544,0.002921412,0.045255836,87.86658147
1005,SPO1056.t01,gene,MSTRG.817,0.162720466,0.002899453,0.045255836,92.36903236
164,SPO1825.t01,gene,MSTRG.1424,0.241338112,0.002970964,0.045289706,75.29192007
174,SPO1843.t01,gene,MSTRG.1436,0.327625904,0.00299199,0.045289706,86.35007435
213,SPO2007.t01,gene,MSTRG.1565,0.666230444,0.002981136,0.045289706,87.54385179
314,SPO2427.t01,gene,MSTRG.1895,0.472422124,0.002986149,0.045289706,93.86922806
877,SPO0568.t01,gene,MSTRG.420,0.229798638,0.002942365,0.045289706,85.14609393
1071,SPO_tRNA-Cys-2.r01,gene,MSTRG.960,0.579584654,0.003012093,0.045386764,390.5895571
212,SPO2006.t01,gene,MSTRG.1564,0.388664069,0.003029161,0.045437417,83.86161579
49,SPO1463.t01,gene,MSTRG.1149,0.330460647,0.003082414,0.045656048,82.08708836
616,SPO3442.t01,gene,MSTRG.2714,1.47803688,0.003085054,0.045656048,106.8196172
768,SPOA0144.t01,gene,MSTRG.3186,0.470924586,0.003084752,0.045656048,93.96226964
53,SPO1469.t01,gene,MSTRG.1155,0.374743868,0.003171582,0.046193266,85.03229708
291,SPO2364.t01,gene,MSTRG.1856,0.274705043,0.00315408,0.046193266,86.87481379
584,SPO3332.t01,gene,MSTRG.2624,1.569806726,0.003160405,0.046193266,137.3890337
1049,SPO1144.t01,gene,MSTRG.894,0.221032301,0.003182194,0.046193266,87.89035329
1079,SPO1271.t01,gene,MSTRG.987,2.269351226,0.003191028,0.046193266,122.17728
168,SPO1831.t01,gene,MSTRG.1428,0.150075989,0.00326288,0.046550243,85.45638564
241,SPO2171.t01,gene,MSTRG.1692,1.589988816,0.003256664,0.046550243,103.7689605
497,SPO3030.t01,gene,MSTRG.2369,1.621046879,0.003272858,0.046550243,110.3728933
667,SPO3644.t01,gene,MSTRG.2889,0.137392724,0.003285899,0.046550243,88.48428057
966,SPO0096.t01,gene,MSTRG.68,0.386467551,0.003279758,0.046550243,86.39592743
971,SPO0906.t01,gene,MSTRG.689,1.45581802,0.003372178,0.047569235,117.7616179
217,SPO2052.t01,gene,MSTRG.1598,1.687158624,0.00341055,0.047906661,103.4462464
989,SPO1002.t01,gene,MSTRG.771,1.390310096,0.003447849,0.048226241,101.1384655
442,SPO2859.t01,gene,MSTRG.2230,1.642770893,0.003484951,0.048337286,122.9468787
658,SPO3620.t01,gene,MSTRG.2868,1.444476408,0.003474353,0.048337286,108.2768762
31,SPO0015.t01,gene,MSTRG.11,1.969757869,0.003784041,0.048362011,122.0360168
52,SPO1467.t01,gene,MSTRG.1153,0.371259627,0.003561488,0.048362011,87.30497814
67,SPO1527.t01,gene,MSTRG.1191,0.276647927,0.003832365,0.048362011,79.9388733
69,SPO1531.t01,gene,MSTRG.1194,0.420323626,0.003838261,0.048362011,93.33306357
87,SPO1579.t01,gene,MSTRG.1229,0.59295811,0.003522042,0.048362011,89.2375215
102,SPO1613.t01,gene,MSTRG.1251,0.361483374,0.003765045,0.048362011,87.26369907
106,SPO1633.t01,gene,MSTRG.1267,1.518978614,0.003851454,0.048362011,112.1087584
290,SPO2361.t01,gene,MSTRG.1855,0.535522505,0.003600886,0.048362011,79.94245996
324,SPO2453.t01,gene,MSTRG.1916,1.500315156,0.003822581,0.048362011,112.7491927
435,SPO2829.t01,gene,MSTRG.2208,0.475066681,0.003662461,0.048362011,84.87611854
461,SPO2935.t01,gene,MSTRG.2283,0.568941412,0.003686404,0.048362011,94.03145272
516,SPO3095.t01,gene,MSTRG.2428,2.04989312,0.003611994,0.048362011,111.256735
564,SPO3259.t01,gene,MSTRG.2552,1.928339107,0.003697049,0.048362011,136.1658686
603,SPO3398.t01,gene,MSTRG.2679,0.377612174,0.003771401,0.048362011,92.67504113
620,SPO3464.t01,gene,MSTRG.2731,1.558945836,0.003661834,0.048362011,95.8976885
625,SPO3479.t01,gene,MSTRG.2743,0.29953172,0.003762323,0.048362011,95.54142093
703,SPO3775.t01,gene,MSTRG.2991,1.683895682,0.003801509,0.048362011,123.4336986
835,SPOA0385.t01,gene,MSTRG.3378,0.244550598,0.003814406,0.048362011,91.82570986
870,SPO0554.t01,gene,MSTRG.411,1.525555418,0.003601112,0.048362011,127.4334491
913,SPO0702.t01,gene,MSTRG.527,1.735052172,0.003814406,0.048362011,97.0316938
926,SPO0741.t01,gene,MSTRG.557,0.508573896,0.003590662,0.048362011,95.17075093
941,SPO0786.t01,gene,MSTRG.595,1.558911572,0.003626485,0.048362011,114.2981584
951,SPO0820.t01,gene,MSTRG.625,1.697976531,0.003539213,0.048362011,125.1500158
1009,SPO1060.t01,gene,MSTRG.821,0.359011668,0.003507573,0.048362011,75.50761714
1011,SPO1067.t01,gene,MSTRG.824,1.60764275,0.003848279,0.048362011,171.4969514
463,SPO2941.t01,gene,MSTRG.2287,2.025252315,0.003868572,0.048393642,104.8275746
45,SPO1454.t01,gene,MSTRG.1142,0.565202766,0.003893649,0.048524229,96.47409293
775,SPO0472.t01,gene,MSTRG.320,0.586356309,0.003934218,0.048663933,74.62793893
896,SPO0632.t01,gene,MSTRG.470,1.373774745,0.00392596,0.048663933,135.2114486
180,SPO1871.t01,gene,MSTRG.1460,1.508423223,0.003955351,0.048743446,117.006986
97,SPO1607.t01,gene,MSTRG.1246,0.728920503,0.003999293,0.048749102,82.38865788
725,SPO3854.t01,gene,MSTRG.3047,1.658350386,0.00397613,0.048749102,115.1211694
790,SPOA0212.t01,gene,MSTRG.3240,0.339510304,0.003999926,0.048749102,74.41389536
391,SPO2668.t01,gene,MSTRG.2091,0.504150631,0.004018446,0.048792323,87.98364993
610,SPO3416.t01,gene,MSTRG.2695,2.076996577,0.004059118,0.048792323,113.1937409
732,SPO3889.t01,gene,MSTRG.3073,1.469324912,0.004052655,0.048792323,124.2722827
797,SPOA0224.t01,gene,MSTRG.3250,0.27073867,0.004062347,0.048792323,90.75271232
10,SPO0146.t01,gene,MSTRG.104,0.573121851,0.004087332,0.048915179,92.0885935
25,SPO0151.t01,gene,MSTRG.109,1.552416738,0.004149304,0.04900511,112.0568216
68,SPO1530.t01,gene,MSTRG.1193,0.28591068,0.00416876,0.04900511,71.22148571
101,SPO1612.t01,gene,MSTRG.1250,0.249883074,0.00416057,0.04900511,81.14658371
994,SPO1013.t01,gene,MSTRG.781,0.402413235,0.004147542,0.04900511,89.8622131
1017,SPO1075.t01,gene,MSTRG.831,0.26332925,0.00414248,0.04900511,80.61723457
231,SPO2125.t01,gene,MSTRG.1655,1.395798484,0.004212878,0.049174967,143.6007947
633,SPO3529.t01,gene,MSTRG.2785,0.481851826,0.004204434,0.049174967,89.86412043
60,SPO1489.t01,gene,MSTRG.1163,0.395294107,0.004237818,0.04918602,94.11910364
691,SPO3730.t01,gene,MSTRG.2956,1.476627946,0.004251974,0.04918602,115.2315991
856,SPO0413.t01,gene,MSTRG.357,0.447113951,0.004258337,0.04918602,99.9025325
712,SPO3802.t01,gene,MSTRG.3010,0.419708945,0.004302882,0.049262776,86.24557514
832,SPOA0380.t01,gene,MSTRG.3374,0.414096569,0.004309564,0.049262776,89.037723
978,SPO0948.t01,gene,MSTRG.724,1.739483696,0.004292063,0.049262776,130.8921978
322,SPO0268.t01,gene,MSTRG.191,1.479633428,0.004340916,0.049450644,126.6086551
79,SPO1562.t01,gene,MSTRG.1216,0.562713545,0.004434516,0.05017208,92.15278179
721,SPO3841.t01,gene,MSTRG.3035,1.565315125,0.004424467,0.05017208,129.0133309
135,SPO1728.t01,gene,MSTRG.1342,1.692834239,0.004516549,0.050304557,100.4343126
361,SPO2559.t01,gene,MSTRG.2003,0.530778952,0.004516415,0.050304557,87.90517576
864,SPO0059.t01,gene,MSTRG.38,1.284008969,0.00448565,0.050304557,213.6056955
1013,SPO1070.t01,gene,MSTRG.826,1.375821324,0.004522099,0.050304557,104.9512539
1068,SPO1215.t01,gene,MSTRG.938,0.642133858,0.004481946,0.050304557,89.22576729
264,SPO2255.t01,gene,MSTRG.1763,0.317269337,0.004559585,0.05038944,74.75288115
545,SPO3172.t01,gene,MSTRG.2488,1.622458378,0.00456013,0.05038944,135.1711666
319,SPO2439.t01,gene,MSTRG.1904,0.562462956,0.00461051,0.050776875,87.29004871
28,SPO1395.t01,gene,MSTRG.1094,0.541910146,0.004694001,0.051355154,67.58669714
81,SPO1568.t01,gene,MSTRG.1221,0.372947275,0.004691113,0.051355154,84.99357284
970,SPO0901.t01,gene,MSTRG.684,0.52948818,0.004709656,0.051356937,78.64024914
387,SPO2656.t01,gene,MSTRG.2084,1.770217496,0.004744463,0.051398345,111.0591612
756,SPOA0108.t01,gene,MSTRG.3157,0.661042687,0.004729155,0.051398345,89.35734207
72,SPO1538.t01,gene,MSTRG.1199,0.40287114,0.004802992,0.051558318,80.75219099
214,SPO2008.t01,gene,MSTRG.1566,0.516174744,0.00482196,0.051558318,71.58570567
296,SPO2383.t01,gene,MSTRG.1870,0.564035577,0.004841195,0.051558318,75.6479406
550,SPO3195.t01,gene,MSTRG.2507,1.788494008,0.004834514,0.051558318,111.6592939
726,SPO3856.t01,gene,MSTRG.3048,1.53524141,0.00485207,0.051558318,148.2179076
834,SPOA0383.t01,gene,MSTRG.3377,0.552850853,0.004859587,0.051558318,81.16093364
1045,SPO1137.t01,gene,MSTRG.888,0.262367018,0.004868101,0.051558318,85.94055414
85,SPO1576.t01,gene,MSTRG.1226,0.469260776,0.004901834,0.051578219,85.19894036
561,SPO3241.t01,gene,MSTRG.2538,1.335201549,0.004916657,0.051578219,86.0613345
944,SPO0795.t01,gene,MSTRG.603,0.614729379,0.004902141,0.051578219,85.56481401
1042,SPO1132.t01,gene,MSTRG.884,1.409235437,0.004949128,0.051755081,99.75361742
704,SPO3787.t01,gene,MSTRG.2995,1.656685525,0.004974329,0.051855028,102.4019917
76,SPO1549.t01,gene,MSTRG.1205,0.423991728,0.005055479,0.052046313,80.93002117
378,SPO2619.t01,gene,MSTRG.2055,0.609979923,0.005043775,0.052046313,391.5570177
467,SPO2946.t01,gene,MSTRG.2292,0.608916076,0.005043605,0.052046313,87.97339729
626,SPO0425.t01,gene,MSTRG.275,1.508433663,0.005037525,0.052046313,163.8556481
111,SPO1642.t01,gene,MSTRG.1276,0.406122945,0.005114651,0.052275326,87.60235093
229,SPO2112.t01,gene,MSTRG.1646,1.412980506,0.005140801,0.052275326,97.88166943
274,SPO2294.t01,gene,MSTRG.1796,2.187521388,0.005131904,0.052275326,125.581756
837,SPOA0388.t01,gene,MSTRG.3381,0.317304168,0.005113135,0.052275326,84.39232879
131,SPO3897.t01,gene,MSTRG.1335,0.307878422,0.005265228,0.053369864,85.62054379
923,SPO0735.t01,gene,MSTRG.552,0.588106265,0.005296738,0.053369864,88.46997271
979,SPO0962.t01,gene,MSTRG.737,1.304539547,0.005286782,0.053369864,100.8286977
755,SPOA0101.t01,gene,MSTRG.3150,0.631578419,0.00534289,0.053509606,90.96502743
960,SPO0875.t01,gene,MSTRG.660,1.5967296,0.005335146,0.053509606,110.6729611
105,SPO1617.t01,gene,MSTRG.1255,0.47419944,0.005399267,0.053548091,84.8632851
134,SPO3896.t01,gene,MSTRG.1341,1.288078137,0.005411346,0.053548091,99.65949861
280,SPO2322.t01,gene,MSTRG.1822,0.630450107,0.005406094,0.053548091,446.4989516
302,SPO2413.t01,gene,MSTRG.1883,0.629519647,0.005387548,0.053548091,92.39207521
130,SPO1712.t01,gene,MSTRG.1331,0.129772652,0.005552682,0.053995941,92.15327536
453,SPO2902.t01,gene,MSTRG.2257,0.474439738,0.005554334,0.053995941,80.91943679
664,SPO3633.t01,gene,MSTRG.2879,1.521078847,0.005500985,0.053995941,140.4397731
713,SPO3807.t01,gene,MSTRG.3015,1.739612544,0.005521441,0.053995941,99.82766129
940,SPO0784.t01,gene,MSTRG.593,0.645540231,0.005536926,0.053995941,94.14640129
968,SPO0898.t01,gene,MSTRG.681,1.514952563,0.005515353,0.053995941,133.2452032
75,SPO1548.t01,gene,MSTRG.1204,0.273550814,0.005662473,0.054886253,97.11672479
451,SPO2884.t01,gene,MSTRG.2246,0.249577585,0.005705345,0.055140577,94.14322664
622,SPO3474.t01,gene,MSTRG.2738,1.666821921,0.005733147,0.055248202,122.5327873
266,SPO2258.t01,gene,MSTRG.1765,0.340157379,0.00581046,0.055669579,73.89966791
636,SPO3536.t01,gene,MSTRG.2791,1.755793928,0.005803309,0.055669579,108.5831836
27,SPO1394.t01,gene,MSTRG.1093,0.416959208,0.005870496,0.055713833,84.26124907
282,SPO0258.t01,gene,MSTRG.183,1.410164204,0.005860874,0.055713833,113.6151264
289,SPO2359.t01,gene,MSTRG.1854,0.302549286,0.005835716,0.055713833,83.67342464
304,SPO2416.t01,gene,MSTRG.1885,0.645843553,0.005882305,0.055713833,91.00242436
791,SPOA0213.t01,gene,MSTRG.3241,0.461174215,0.005928391,0.055990358,75.42648714
334,SPO2469.t01,gene,MSTRG.1930,1.909215786,0.006072891,0.056817466,100.1182675
830,SPOA0376.t01,gene,MSTRG.3370,0.622420558,0.006052443,0.056817466,87.99210586
859,SPO0416.t01,gene,MSTRG.360,1.656761171,0.006084525,0.056817466,139.9677277
967,SPO0897.t01,gene,MSTRG.680,1.442154006,0.006047865,0.056817466,180.5527212
615,SPO3438.t01,gene,MSTRG.2711,0.431322648,0.006114566,0.056937601,98.09116279
722,SPO3844.t01,gene,MSTRG.3038,1.665556706,0.006154543,0.057149324,128.0433301
380,SPO2623.t01,gene,MSTRG.2059,0.328436372,0.00624162,0.057423528,78.7611415
431,SPO0030.t01,gene,MSTRG.22,1.586191347,0.006224709,0.057423528,157.8052989
875,SPO0566.t01,gene,MSTRG.419,0.726901375,0.006253362,0.057423528,84.10348364
1002,SPO1051.t01,gene,MSTRG.812,0.375993207,0.006216603,0.057423528,85.67430157
566,SPO_tRNA-Met-3.r01,gene,MSTRG.2557,0.37245951,0.006282876,0.057535176,343.2707339
311,SPO2424.t01,gene,MSTRG.1892,0.492312134,0.006343206,0.057927623,93.81984007
210,SPO2001.t01,gene,MSTRG.1562,0.384402453,0.006442412,0.058671965,85.23347977
412,SPO2726.t01,gene,MSTRG.2135,0.351948384,0.006478628,0.058840142,88.99133486
30,SPO1399.t01,gene,MSTRG.1098,0.447293054,0.006612695,0.059406733,76.16757907
495,SPO3021.t01,gene,MSTRG.2360,0.393593735,0.006608532,0.059406733,95.06159979
666,SPO3641.t01,gene,MSTRG.2886,1.977835164,0.006559052,0.059406733,97.19786837
808,SPOA0270.t01,gene,MSTRG.3287,0.404928224,0.006609526,0.059406733,87.60275324
746,SPOA0060.t01,gene,MSTRG.3122,1.458133733,0.006675964,0.059813029,86.76278521
1046,SPO1138.t01,gene,MSTRG.889,0.484840113,0.006745036,0.06026899,77.68192186
251,SPO2214.t01,gene,MSTRG.1731,1.539151129,0.006804365,0.060485629,112.4972047
448,SPO2881.t01,gene,MSTRG.2243,0.156241989,0.006828777,0.060485629,76.91859143
586,SPO3336.t01,gene,MSTRG.2627,1.391725456,0.006824623,0.060485629,156.8012446
700,SPO3766.t01,gene,MSTRG.2983,1.74780246,0.006842266,0.060485629,118.7984147
165,SPO1826.t01,gene,MSTRG.1425,0.369724192,0.00692618,0.061064589,81.22176486
50,SPO1464.t01,gene,MSTRG.1150,0.449208878,0.006975508,0.061336367,87.83765779
937,SPO0780.t01,gene,MSTRG.590,0.34121485,0.007004328,0.061426842,82.82219121
527,SPO3125.t01,gene,MSTRG.2452,0.428293148,0.007034728,0.06153067,81.93648813
245,SPO2191.t01,gene,MSTRG.1709,0.2761196,0.007071385,0.061688531,81.1566493
343,SPO2500.t01,gene,MSTRG.1959,1.408838177,0.007145874,0.061984014,184.0439389
443,SPO2860.t01,gene,MSTRG.2231,0.20267601,0.007147318,0.061984014,77.41870843
446,SPO2879.t01,gene,MSTRG.2241,1.504868856,0.007176408,0.061984014,97.51281686
708,SPO3794.t01,gene,MSTRG.3001,2.973572272,0.007180049,0.061984014,91.68876943
171,SPO1838.t01,gene,MSTRG.1433,0.3114901,0.007269809,0.062272395,77.09337121
678,SPO3690.t01,gene,MSTRG.2925,1.330993743,0.007253616,0.062272395,102.2130759
772,SPOA0151.t01,gene,MSTRG.3193,0.431720437,0.007254873,0.062272395,86.35749821
638,SPO3543.t01,gene,MSTRG.2798,1.441434175,0.007305289,0.062415036,124.8392174
736,SPO0460.t01,gene,MSTRG.309,0.476875707,0.007329239,0.062458684,95.94897143
26,SPO1393.t01,gene,MSTRG.1092,0.386983861,0.007373676,0.06251595,80.86462943
1080,SPO1274.t01,gene,MSTRG.990,1.666386942,0.007363062,0.06251595,103.3948751
429,MSTRG.2191.1,gene,MSTRG.2191,1.562154853,0.007406658,0.062635389,118.5199117
393,SPO2680.t01,gene,MSTRG.2100,1.584415129,0.007445486,0.062803526,149.4487632
310,SPO2423.t01,gene,MSTRG.1891,1.344255726,0.007493601,0.063048953,102.9361981
43,SPO1452.t01,gene,MSTRG.1140,0.426125089,0.007694209,0.063066147,79.22215343
163,SPO1824.t01,gene,MSTRG.1423,0.218147599,0.007567199,0.063066147,76.44412871
186,SPO1911.t01,gene,MSTRG.1494,1.789448772,0.007704914,0.063066147,76.50369614
208,SPO0212.t01,gene,MSTRG.154,1.659177225,0.007592046,0.063066147,125.1119338
376,SPO0288.t01,gene,MSTRG.205,1.545005768,0.007603867,0.063066147,102.9607407
419,SPO2751.t01,gene,MSTRG.2149,1.506256567,0.007680184,0.063066147,121.8870789
469,SPO2948.t01,gene,MSTRG.2294,1.632176198,0.007669161,0.063066147,91.1166765
494,SPO3013.t01,gene,MSTRG.2353,1.555987873,0.007598774,0.063066147,127.5067694
793,SPOA0218.t01,gene,MSTRG.3245,0.403705408,0.007597536,0.063066147,79.27100757
814,SPOA0287.t01,gene,MSTRG.3300,0.307864979,0.007646424,0.063066147,81.2488125
996,SPO1031.t01,gene,MSTRG.794,1.663353136,0.007690313,0.063066147,124.0300866
320,SPO2440.t01,gene,MSTRG.1905,0.305015781,0.00779165,0.063462705,75.68047064
590,SPO3349.t01,gene,MSTRG.2639,1.358918614,0.007785067,0.063462705,143.8655548
219,SPO2057.t01,gene,MSTRG.1603,1.252198941,0.00783174,0.063513557,98.2801185
450,SPO2883.t01,gene,MSTRG.2245,0.52651338,0.007836213,0.063513557,82.37207621
906,SPO0687.t01,gene,MSTRG.513,1.657989756,0.00789236,0.063812615,88.38068964
820,SPOA0302.t01,gene,MSTRG.3314,0.317621026,0.007945321,0.064084521,78.33589664
369,SPO2593.t01,gene,MSTRG.2030,1.716707604,0.007967038,0.064103716,90.03485614
149,SPO1781.t01,gene,MSTRG.1387,0.586449795,0.007994845,0.0641717,99.52586964
841,SPOA0403.t01,gene,MSTRG.3394,0.485688589,0.008014455,0.064173719,83.47490879
166,SPO1827.t01,gene,MSTRG.1426,0.326406517,0.008063815,0.064413368,80.18560254
185,SPO0206.t01,gene,MSTRG.148,0.590570104,0.00810662,0.064444716,90.94502279
695,SPO3747.t01,gene,MSTRG.2968,0.387703702,0.008095168,0.064444716,78.56965614
283,SPO2335.t01,gene,MSTRG.1832,1.442505804,0.008247632,0.065252747,136.1856569
918,SPO0718.t01,gene,MSTRG.538,1.719108645,0.008230167,0.065252747,109.2272431
298,SPO2388.t01,gene,MSTRG.1873,0.529392606,0.008291339,0.065328591,92.89100864
489,SPO3001.t01,gene,MSTRG.2341,1.47790363,0.008316339,0.065328591,172.3027922
729,SPO3867.t01,gene,MSTRG.3058,1.586306672,0.008298336,0.065328591,90.14017186
4,SPO1314.t01,gene,MSTRG.1019,1.426366921,0.00844234,0.066146489,114.6418808
347,SPO2527.t01,gene,MSTRG.1979,0.592709604,0.008460365,0.066146489,87.99753429
1026,SPO1091.t01,gene,MSTRG.846,0.163890978,0.008482563,0.066163995,87.989197
22,SPO1379.t01,gene,MSTRG.1079,1.538946892,0.008528644,0.06621184,95.39813557
892,SPO0606.t01,gene,MSTRG.451,0.4666842,0.008519999,0.06621184,85.94451937
889,SPO0599.t01,gene,MSTRG.445,1.419519723,0.008563793,0.066329377,111.1729982
44,SPO1453.t01,gene,MSTRG.1141,0.447373031,0.008610832,0.066538246,77.18936193
811,SPOA0282.t01,gene,MSTRG.3296,1.501457026,0.008662334,0.06678055,125.9814849
1069,SPO1224.t01,gene,MSTRG.947,0.53027687,0.008696301,0.06688686,83.70934321
330,SPO2463.t01,gene,MSTRG.1924,0.444007378,0.008776186,0.067345038,22.23294571
931,SPO0763.t01,gene,MSTRG.577,0.413008907,0.008839191,0.067671869,87.97042757
71,SPO1535.t01,gene,MSTRG.1198,0.444395793,0.009058688,0.068523728,74.67578768
88,SPO1580.t01,gene,MSTRG.1230,0.575122111,0.009074485,0.068523728,92.71381968
116,SPO1650.t01,gene,MSTRG.1282,0.420047029,0.009042707,0.068523728,82.46785679
156,SPO1806.t01,gene,MSTRG.1406,1.47126622,0.008985938,0.068523728,162.7251276
326,SPO2458.t01,gene,MSTRG.1919,1.661542446,0.009060564,0.068523728,113.0679406
749,SPOA0068.t01,gene,MSTRG.3128,0.630489995,0.009025013,0.068523728,81.14310207
122,SPO1685.t01,gene,MSTRG.1309,1.708095597,0.009199421,0.068583048,126.5940609
468,SPO2947.t01,gene,MSTRG.2293,0.381445797,0.009202481,0.068583048,90.22466779
602,SPO3397.t01,gene,MSTRG.2678,0.557506093,0.009144385,0.068583048,81.91887857
819,SPO0376.t01,gene,MSTRG.331,1.75382071,0.009155667,0.068583048,114.9527431
860,SPO0418.t01,gene,MSTRG.361,1.6053026,0.009206472,0.068583048,162.7791605
1031,SPO1106.t01,gene,MSTRG.861,0.276306898,0.0091825,0.068583048,84.02346035
66,SPO1525.t01,gene,MSTRG.1190,0.445933963,0.009308156,0.068748033,86.38179153
147,SPO1778.t01,gene,MSTRG.1384,0.287165551,0.009289138,0.068748033,81.4663175
723,SPO3847.t01,gene,MSTRG.3041,2.089696375,0.00928418,0.068748033,99.09046679
843,SPOA0408.t01,gene,MSTRG.3396,0.313708143,0.009311574,0.068748033,91.093331
514,SPO3087.t01,gene,MSTRG.2420,1.577568494,0.00935652,0.068875201,248.4992403
816,SPOA0289.t01,gene,MSTRG.3302,0.364316851,0.009370352,0.068875201,83.29433093
382,SPO2633.t01,gene,MSTRG.2066,0.852419086,0.009419645,0.069084346,0.062608214
121,SPO1680.t01,gene,MSTRG.1305,1.308101616,0.009544102,0.069842603,101.7938599
579,SPO3311.t01,gene,MSTRG.2603,0.500241737,0.009601137,0.07010522,89.72905174
94,SPO1593.t01,gene,MSTRG.1240,0.495226812,0.00965727,0.070205812,85.94224517
441,SPO2857.t01,gene,MSTRG.2228,1.274715731,0.009643873,0.070205812,101.5550271
193,SPO1921.t01,gene,MSTRG.1504,1.387162061,0.0098098,0.071158614,141.4080001
861,SPO0485.t01,gene,MSTRG.370,0.356627556,0.009899256,0.071650725,2461.144435
521,SPO3115.t01,gene,MSTRG.2444,1.273148219,0.009950748,0.071710279,103.3517041
705,SPO3791.t01,gene,MSTRG.2999,0.719380531,0.009937063,0.071710279,99.61661193
434,SPO2828.t01,gene,MSTRG.2207,0.711943063,0.010028476,0.072113661,85.28959857
745,SPOA0056.t01,gene,MSTRG.3118,0.615092141,0.010084728,0.072361199,89.69572986
12,MSTRG.1047.1,gene,MSTRG.1047,1.553777112,0.010161562,0.072383671,89.2199316
41,SPO1440.t01,gene,MSTRG.1134,0.704237357,0.010218871,0.072383671,76.77762188
225,SPO2082.t01,gene,MSTRG.1623,1.550924891,0.010159074,0.072383671,111.0569804
728,SPO3863.t01,gene,MSTRG.3054,1.818297133,0.010198498,0.072383671,85.27353314
855,SPO0395.t01,gene,MSTRG.345,1.541729436,0.010212351,0.072383671,103.1601983
955,SPO0847.t01,gene,MSTRG.641,0.603552662,0.010214903,0.072383671,45.56811524
181,SPO1878.t01,gene,MSTRG.1467,0.36082042,0.01028788,0.072717103,77.22900693
293,SPO2367.t01,gene,MSTRG.1858,0.389249435,0.010349384,0.072996184,79.84746986
384,SPO2638.t01,gene,MSTRG.2069,0.525174043,0.010387511,0.073109551,750.7559357
785,SPOA0199.t01,gene,MSTRG.3228,0.783012077,0.010427481,0.073235378,92.65015907
201,SPO1947.t01,gene,MSTRG.1525,1.513331043,0.010478426,0.073282666,106.8657237
765,SPOA0124.t01,gene,MSTRG.3173,1.541453284,0.010468486,0.073282666,102.7666584
61,SPO1490.t01,gene,MSTRG.1164,0.525737012,0.01052047,0.073421803,92.15095807
269,SPO2276.t01,gene,MSTRG.1778,1.450268605,0.010572719,0.073631433,156.5841222
773,SPOA0152.t01,gene,MSTRG.3194,0.475161092,0.01060675,0.07371358,81.16976536
540,SPO3157.t01,gene,MSTRG.2477,1.476724801,0.010648454,0.073848589,101.0629737
233,SPO0241.t01,gene,MSTRG.167,1.44698322,0.010715344,0.074157339,89.12946786
529,SPO3129.t01,gene,MSTRG.2455,1.596934568,0.010817557,0.074553431,139.1887273
1019,SPO1079.t01,gene,MSTRG.835,0.199842483,0.010798958,0.074553431,84.98732593
924,SPO0739.t01,gene,MSTRG.555,0.202307546,0.010844649,0.074585087,78.76252529
414,SPO2733.t01,gene,MSTRG.2138,1.704591528,0.010912942,0.074812593,103.4651613
433,SPO2825.t01,gene,MSTRG.2204,1.661877928,0.010922864,0.074812593,137.2475842
779,SPOA0166.t01,gene,MSTRG.3207,0.655092777,0.010957025,0.074891828,97.19081186
766,SPOA0138.t01,gene,MSTRG.3181,0.765032391,0.011023439,0.075190744,0.152690143
152,SPO1793.t01,gene,MSTRG.1397,0.576150427,0.011070373,0.075225179,84.72886335
803,SPOA0258.t01,gene,MSTRG.3277,0.624136644,0.011081242,0.075225179,82.89845279
959,SPO0093.t01,gene,MSTRG.65,0.476857551,0.011096565,0.075225179,104.1369324
438,SPO2835.t01,gene,MSTRG.2210,0.614468382,0.011231313,0.075520896,86.87741779
588,SPO3340.t01,gene,MSTRG.2630,1.300918835,0.01120671,0.075520896,92.49260307
717,SPO0453.t01,gene,MSTRG.302,0.436989961,0.011222385,0.075520896,80.030566
995,SPO1016.t01,gene,MSTRG.782,0.531618045,0.011190851,0.075520896,81.66064186
224,SPO2076.t01,gene,MSTRG.1618,1.279938344,0.011321394,0.07597251,156.7709825
872,SPO0560.t01,gene,MSTRG.415,1.229501306,0.011455606,0.076717843,97.98509981
533,SPO3146.t01,gene,MSTRG.2468,1.660186387,0.011483527,0.076749782,118.2779139
286,SPO0260.t01,gene,MSTRG.185,0.793323571,0.011554996,0.076949279,96.50912064
847,SPOA0429.t01,gene,MSTRG.3414,1.598722101,0.011600194,0.076949279,121.3146073
928,SPO0745.t01,gene,MSTRG.561,1.479284177,0.011566474,0.076949279,96.78823134
992,SPO1007.t01,gene,MSTRG.776,1.475221316,0.011606226,0.076949279,154.6137358
789,SPO0477.t01,gene,MSTRG.324,0.511764309,0.011635133,0.076986956,78.157182
945,SPO0799.t01,gene,MSTRG.604,0.279712997,0.011658955,0.07699091,75.76537579
96,MSTRG.1242.1,gene,MSTRG.1242,0.439447138,0.011691591,0.07705293,83.52258268
915,SPO0711.t01,gene,MSTRG.533,1.65450545,0.011834936,0.07784288,149.1834729
268,SPO2266.t01,gene,MSTRG.1769,0.175402381,0.011913593,0.078205073,70.03266721
665,SPO3637.t01,gene,MSTRG.2882,1.474035608,0.01201728,0.078265781,104.0687139
706,SPO0039.t01,gene,MSTRG.30,1.389826959,0.011965738,0.078265781,177.2123707
850,SPOA0434.t01,gene,MSTRG.3418,1.409847101,0.012009768,0.078265781,100.6656664
1003,SPO1052.t01,gene,MSTRG.813,0.149094471,0.011992139,0.078265781,86.69508314
1082,SPO1285.t01,gene,MSTRG.997,0.539378641,0.012048611,0.078315969,88.06223282
1014,SPO1071.t01,gene,MSTRG.827,1.600371091,0.012110893,0.078566749,119.6783322
953,SPO0825.t01,gene,MSTRG.628,0.610265343,0.012188644,0.078870227,90.90043133
990,SPO1003.t01,gene,MSTRG.772,0.730131317,0.012205257,0.078870227,381.3867209
281,SPO2323.t01,gene,MSTRG.1823,1.403514449,0.012331144,0.079390169,122.6488575
504,SPO3062.t01,gene,MSTRG.2397,0.483043998,0.012357565,0.079390169,89.54131507
528,SPO3127.t01,gene,MSTRG.2453,1.422688429,0.012355571,0.079390169,91.23556614
656,SPO3615.t01,gene,MSTRG.2864,1.915559274,0.012406542,0.079460055,97.52527779
910,SPO0694.t01,gene,MSTRG.520,1.71409472,0.012416383,0.079460055,109.0621826
162,SPO1823.t01,gene,MSTRG.1422,0.39887285,0.012477561,0.079618012,68.52016193
416,SPO2739.t01,gene,MSTRG.2142,1.636021684,0.0124891,0.079618012,123.1688223
421,SPO2763.t01,gene,MSTRG.2159,1.384612739,0.012586204,0.080083046,219.2741089
173,SPO1841.t01,gene,MSTRG.1435,0.403276092,0.012624384,0.080172091,87.73121572
23,SPO1382.t01,gene,MSTRG.1082,2.23474633,0.012659182,0.080225184,98.57575414
143,SPO1771.t01,gene,MSTRG.1378,0.736294939,0.012701183,0.080225184,78.58051359
471,SPO2953.t01,gene,MSTRG.2299,1.77715306,0.012705346,0.080225184,148.9975771
597,SPO3369.t01,gene,MSTRG.2655,1.50397959,0.012836875,0.080808593,160.9188135
1055,SPO1182.t01,gene,MSTRG.912,1.514651908,0.012846494,0.080808593,117.2671816
11,SPO1341.t01,gene,MSTRG.1041,0.529491707,0.012927083,0.08111293,80.93541107
154,SPO1798.t01,gene,MSTRG.1401,0.445671114,0.013054803,0.08111293,88.39231393
182,SPO1879.t01,gene,MSTRG.1468,2.185565594,0.013014799,0.08111293,1.881806429
249,SPO2207.t01,gene,MSTRG.1724,1.731947449,0.013055512,0.08111293,93.7297935
709,SPO_tRNA-Met-5.r01,gene,MSTRG.3003,0.35868051,0.013066155,0.08111293,201.4475954
810,SPOA0276.t01,gene,MSTRG.3292,0.445883894,0.013017628,0.08111293,73.29740821
1067,SPO1208.t01,gene,MSTRG.933,1.607976696,0.012944583,0.08111293,101.7625625
474,SPO2957.t01,gene,MSTRG.2303,1.353766073,0.013161081,0.081397358,101.5542275
813,SPO0374.t01,gene,MSTRG.330,1.701484833,0.013142659,0.081397358,129.0394213
124,SPO1688.t01,gene,MSTRG.1312,1.380420014,0.013224423,0.081636801,129.4862153
133,SPO0184.t01,gene,MSTRG.134,2.509550119,0.013324659,0.081690026,127.5326394
418,SPO2748.t01,gene,MSTRG.2146,1.77133647,0.013385876,0.081690026,100.8376368
581,SPO3324.t01,gene,MSTRG.2616,1.355528301,0.013405543,0.081690026,91.75269407
589,SPO3343.t01,gene,MSTRG.2633,2.185234879,0.013371218,0.081690026,103.4181069
697,SPO0448.t01,gene,MSTRG.297,0.185042258,0.013403953,0.081690026,91.28876786
851,SPOA0437.t01,gene,MSTRG.3420,1.4642065,0.013312439,0.081690026,94.74710329
972,SPO0097.t01,gene,MSTRG.69,0.439984927,0.013397624,0.081690026,94.80562971
627,SPO3488.t01,gene,MSTRG.2750,1.565072195,0.013468248,0.081921547,101.4057861
84,SPO1575.t01,gene,MSTRG.1225,0.585614819,0.013520508,0.08195956,88.0200325
127,SPO1703.t01,gene,MSTRG.1323,0.65909916,0.013573393,0.08195956,82.41303729
714,SPO3808.t01,gene,MSTRG.3016,0.417162495,0.013554361,0.08195956,89.38182843
801,SPOA0242.t01,gene,MSTRG.3263,2.391687479,0.013560402,0.08195956,82.45387564
211,SPO2005.t01,gene,MSTRG.1563,0.407240975,0.013606773,0.082011731,85.7333325
669,SPO3651.t01,gene,MSTRG.2896,1.366935813,0.01363821,0.082052026,146.7242016
2,SPO1299.t01,gene,MSTRG.1006,2.439527909,0.013714434,0.082361139,71.15515886
197,SPO1940.t01,gene,MSTRG.1519,0.496183959,0.013741983,0.082377346,97.72357264
80,SPO1563.t01,gene,MSTRG.1217,0.43366301,0.013878793,0.08274856,81.28848643
373,SPO2603.t01,gene,MSTRG.2040,0.457762019,0.01384162,0.08274856,77.60824714
1008,SPO1059.t01,gene,MSTRG.820,0.739660082,0.013866475,0.08274856,73.65320707
949,SPO0809.t01,gene,MSTRG.614,1.314635318,0.014015131,0.083411416,187.6568876
423,SPO2792.t01,gene,MSTRG.2178,1.607861133,0.014056602,0.083508305,146.8104641
247,SPO_Sp23SA.r01,gene,MSTRG.172,0.331096141,0.014098282,0.083606093,16.12098007
370,SPO2597.t01,gene,MSTRG.2034,1.43614523,0.014241281,0.084303298,122.3633979
930,SPO0762.t01,gene,MSTRG.576,0.606146999,0.01434275,0.084752616,81.90310586
782,SPOA0191.t01,gene,MSTRG.3223,1.514502179,0.01445475,0.084960102,99.44308043
935,SPO0769.t01,gene,MSTRG.583,0.565011512,0.014428345,0.084960102,83.72679236
1083,SPO1289.t01,gene,MSTRG.998,1.559998069,0.014433431,0.084960102,94.33958764
503,SPO3055.t01,gene,MSTRG.2392,1.578172017,0.014568172,0.085023752,122.9744306
710,SPO_Sp23SC.r01,gene,MSTRG.3005,0.357939944,0.014564281,0.085023752,14.66590293
792,SPOA0214.t01,gene,MSTRG.3242,0.610988764,0.014532525,0.085023752,89.17674707
1043,SPO1134.t01,gene,MSTRG.885,0.455569957,0.014496101,0.085023752,76.61590293
890,SPO0602.t01,gene,MSTRG.447,1.517207661,0.01470575,0.085675853,150.3894355
144,SPO0190.t01,gene,MSTRG.138,1.548050837,0.014830962,0.085837258,133.0377656
175,SPO1851.t01,gene,MSTRG.1441,1.601579793,0.014837028,0.085837258,125.2100389
189,SPO0020.t01,gene,MSTRG.15,1.920931843,0.014787831,0.085837258,124.5433485
255,SPO2219.t01,gene,MSTRG.1736,0.627205554,0.01483459,0.085837258,73.77845979
1062,SPO1198.t01,gene,MSTRG.924,1.85985505,0.015048817,0.086910853,94.79773536
1016,SPO1074.t01,gene,MSTRG.830,0.177751881,0.015187196,0.087557488,71.54883671
187,SPO1915.t01,gene,MSTRG.1498,0.696943289,0.015294323,0.087889775,82.095958
598,SPO3375.t01,gene,MSTRG.2658,1.326294609,0.015297858,0.087889775,107.0365456
252,SPO2216.t01,gene,MSTRG.1733,0.429811594,0.015344553,0.087900462,80.29397464
365,SPO2580.t01,gene,MSTRG.2018,0.561482136,0.015432298,0.087900462,309.5987866
786,SPO0476.t01,gene,MSTRG.323,0.55187208,0.015413293,0.087900462,91.665526
891,SPO0605.t01,gene,MSTRG.450,0.552924596,0.01543084,0.087900462,85.43591114
1076,SPO1260.t01,gene,MSTRG.980,1.60373368,0.015409327,0.087900462,115.3617714
698,SPO3755.t01,gene,MSTRG.2975,1.256409631,0.015477069,0.087995458,167.5984814
888,SPO0593.t01,gene,MSTRG.441,0.635118369,0.015502066,0.087995458,86.92928
73,SPO1542.t01,gene,MSTRG.1201,0.295567878,0.015531483,0.087998558,81.54635636
980,SPO0963.t01,gene,MSTRG.738,1.710264788,0.015555703,0.087998558,96.84363293
399,SPO2693.t01,gene,MSTRG.2111,1.36908541,0.015628299,0.088258623,119.7752344
284,SPO2338.t01,gene,MSTRG.1835,1.645703345,0.015662134,0.088299276,30.47738014
534,SPO3147.t01,gene,MSTRG.2469,0.657449276,0.015732721,0.088546638,472.109266
719,SPO3821.t01,gene,MSTRG.3024,1.689884637,0.015762254,0.088562498,100.3071583
1058,SPO1190.t01,gene,MSTRG.918,1.504704599,0.015790296,0.088569937,117.4581556
623,SPO3475.t01,gene,MSTRG.2739,1.637235831,0.015825623,0.088618142,150.215532
95,SPO1596.t01,gene,MSTRG.1241,0.634271112,0.015852989,0.088621682,90.47560727
192,SPO1920.t01,gene,MSTRG.1503,1.723157141,0.015994809,0.088950915,102.415058
397,SPO2690.t01,gene,MSTRG.2108,1.404705636,0.0160157,0.088950915,120.7474867
424,SPO0305.t01,gene,MSTRG.218,1.682956493,0.01596246,0.088950915,121.1077094
982,SPO0982.t01,gene,MSTRG.754,0.451415411,0.016019215,0.088950915,83.32764607
103,SPO1614.t01,gene,MSTRG.1252,0.390409273,0.016262849,0.089137363,84.33593129
230,SPO2124.t01,gene,MSTRG.1654,1.445390856,0.016080865,0.089137363,139.8968527
313,SPO2426.t01,gene,MSTRG.1894,0.393885362,0.016269369,0.089137363,94.34085807
425,SPO2797.t01,gene,MSTRG.2183,1.765064517,0.016238179,0.089137363,134.5910935
447,SPO2880.t01,gene,MSTRG.2242,0.160439431,0.01627295,0.089137363,72.43572821
871,SPO0557.t01,gene,MSTRG.413,1.657995432,0.01621824,0.089137363,100.7108544
873,SPO0563.t01,gene,MSTRG.417,1.39848069,0.016255329,0.089137363,158.6776533
961,SPO0880.t01,gene,MSTRG.666,1.630288145,0.016294794,0.089137363,177.0812384
1060,SPO1195.t01,gene,MSTRG.922,1.920465683,0.016126552,0.089137363,145.5432166
222,SPO2072.t01,gene,MSTRG.1615,1.503471127,0.01639297,0.089403252,100.3148626
536,SPO3150.t01,gene,MSTRG.2472,0.306164102,0.016397339,0.089403252,73.07012157
831,SPOA0379.t01,gene,MSTRG.3373,0.615886569,0.01643188,0.089444472,88.1888525
89,SPO1582.t01,gene,MSTRG.1231,1.55075841,0.016493154,0.089606437,93.23565079
398,SPO2692.t01,gene,MSTRG.2110,1.451274276,0.016542727,0.089606437,110.6748403
950,SPO0814.t01,gene,MSTRG.619,1.6114685,0.016535884,0.089606437,132.9071342
202,SPO1954.t01,gene,MSTRG.1527,1.598762416,0.01667906,0.090197524,118.5859658
690,SPO3728.t01,gene,MSTRG.2955,1.868513714,0.016872593,0.091095513,117.7269201
204,SPO1961.t01,gene,MSTRG.1533,1.688304582,0.016982238,0.091389805,93.73678707
413,SPO2729.t01,gene,MSTRG.2136,0.263362069,0.01695648,0.091389805,84.56160672
848,SPOA0430.t01,gene,MSTRG.3415,1.351508456,0.017107541,0.091674429,172.7578636
1052,SPO0013.t01,gene,MSTRG.9,1.921437155,0.017109553,0.091674429,127.6275199
1054,SPO1179.t01,gene,MSTRG.911,1.956976997,0.017118091,0.091674429,116.7812497
227,SPO2090.t01,gene,MSTRG.1627,1.392955817,0.017251895,0.092241989,112.3315291
8,SPO1334.t01,gene,MSTRG.1034,1.641447912,0.017290127,0.092297536,87.00113593
788,SPOA0211.t01,gene,MSTRG.3239,1.883819281,0.01742769,0.092631592,98.85022793
914,SPO0705.t01,gene,MSTRG.528,1.598092521,0.017464478,0.092631592,110.7678496
964,SPO0095.t01,gene,MSTRG.67,1.835445005,0.017443855,0.092631592,105.0585949
1041,SPO1130.t01,gene,MSTRG.882,0.572235358,0.017399112,0.092631592,87.71544293
232,SPO2129.t01,gene,MSTRG.1657,1.664213893,0.017658426,0.093510673,120.603903
973,SPO0011.t01,gene,MSTRG.7,1.614944183,0.017694811,0.093553904,109.724002
228,SPO2110.t01,gene,MSTRG.1644,2.119511744,0.017774875,0.093827567,98.72272
248,SPO2204.t01,gene,MSTRG.1721,0.430462761,0.017993196,0.094678484,83.60319936
741,SPO0040.t01,gene,MSTRG.31,1.447630499,0.017990207,0.094678484,125.0277097
32,SPO1404.t01,gene,MSTRG.1102,0.671687184,0.018353337,0.095475165,82.79167736
51,SPO1466.t01,gene,MSTRG.1152,0.415334733,0.018375009,0.095475165,79.62121857
167,SPO1830.t01,gene,MSTRG.1427,0.586818097,0.018328873,0.095475165,103.2106434
323,SPO2447.t01,gene,MSTRG.1911,1.774683967,0.018373411,0.095475165,87.747545
341,SPO2488.t01,gene,MSTRG.1947,1.542113792,0.018306031,0.095475165,155.5475081
567,SPO_Sp23SB.r01,gene,MSTRG.2559,0.375043865,0.018256861,0.095475165,14.14401493
795,SPOA0221.t01,gene,MSTRG.3248,0.443675381,0.018174993,0.095475165,92.28867829
1001,SPO1048.t01,gene,MSTRG.809,2.216746121,0.018300518,0.095475165,85.17093257
687,SPO3721.t01,gene,MSTRG.2950,1.401783019,0.018404181,0.095477088,104.0599221
455,SPO2910.t01,gene,MSTRG.2263,1.761552287,0.018564117,0.096156323,103.0412591
498,SPO3035.t01,gene,MSTRG.2374,0.605166193,0.018603028,0.096207548,528.8371016
571,SPO0354.t01,gene,MSTRG.258,1.626030546,0.018690671,0.09651024,108.8025664
513,SPO0337.t01,gene,MSTRG.242,1.699954723,0.018787403,0.096534748,121.2089664
845,SPOA0410.t01,gene,MSTRG.3398,0.608185824,0.0188119,0.096534748,74.65871371
904,SPO0665.t01,gene,MSTRG.494,1.846695068,0.018729722,0.096534748,129.31219
1032,SPO1108.t01,gene,MSTRG.862,1.363031244,0.018780221,0.096534748,133.0527311
70,SPO1533.t01,gene,MSTRG.1196,0.513834272,0.018953587,0.096663295,75.68757421
809,SPOA0275.t01,gene,MSTRG.3291,0.558289454,0.018903705,0.096663295,90.84611864
905,SPO0670.t01,gene,MSTRG.497,0.62292464,0.018900072,0.096663295,85.07489332
1033,SPO1111.t01,gene,MSTRG.865,3.29621834,0.018927732,0.096663295,124.6993221
825,SPOA0348.t01,gene,MSTRG.3349,1.873841963,0.019023935,0.096873031,97.81053471
126,SPO1698.t01,gene,MSTRG.1320,0.646436325,0.019074588,0.096934031,85.3552839
238,SPO2167.t01,gene,MSTRG.1689,2.152681088,0.019123637,0.096934031,128.5759948
1059,SPO1194.t01,gene,MSTRG.921,1.958603063,0.019103767,0.096934031,177.8989825
1028,SPO1098.t01,gene,MSTRG.854,1.709038973,0.01919676,0.097008016,105.7193386
1035,SPO1117.t01,gene,MSTRG.870,1.430766456,0.019194919,0.097008016,126.7651654
778,SPOA0164.t01,gene,MSTRG.3205,1.364289608,0.01929374,0.09726575,82.04936343
1065,SPO1203.t01,gene,MSTRG.928,1.693450227,0.019306444,0.09726575,96.98293321
981,SPO0979.t01,gene,MSTRG.751,1.36148192,0.019353148,0.09735309,106.810358
309,SPO2422.t01,gene,MSTRG.1890,0.636762873,0.019412495,0.097503666,93.56260386
629,SPO3492.t01,gene,MSTRG.2754,1.575398898,0.019452383,0.097556203,96.29879671
569,SPO3274.t01,gene,MSTRG.2568,1.907682081,0.019551736,0.09790635,121.3029151
206,SPO1964.t01,gene,MSTRG.1536,1.558417831,0.019605418,0.09802709,139.3468324
478,SPO2974.t01,gene,MSTRG.2318,0.573288696,0.019779673,0.098749422,88.46200779
472,SPO2955.t01,gene,MSTRG.2301,1.379783814,0.019925967,0.099247714,111.8385594
587,SPO3338.t01,gene,MSTRG.2629,1.735097506,0.01993936,0.099247714,115.8967896
407,SPO2712.t01,gene,MSTRG.2124,0.417500652,0.020021023,0.099504784,82.10217864
1037,SPO1120.t01,gene,MSTRG.873,0.603120321,0.020071681,0.09960722,81.01708686
894,SPO0071.t01,gene,MSTRG.46,0.596577768,0.020177386,0.099982114,81.56628214
965,SPO0890.t01,gene,MSTRG.675,1.642863003,0.020238728,0.100136393,131.7148416
142,SPO1770.t01,gene,MSTRG.1377,1.422614874,0.020423048,0.100816001,88.8794565
477,SPO2971.t01,gene,MSTRG.2315,0.632704876,0.020497707,0.100816001,84.48676343
522,SPO3118.t01,gene,MSTRG.2446,0.171700763,0.020470504,0.100816001,4862.978838
927,SPO0082.t01,gene,MSTRG.56,1.268901191,0.020497733,0.100816001,200.7691073
317,SPO2437.t01,gene,MSTRG.1902,0.397017398,0.020547907,0.100880583,75.35315471
969,SPO0899.t01,gene,MSTRG.682,1.337186913,0.020571727,0.100880583,93.31870043
278,SPO2311.t01,gene,MSTRG.1812,1.433899208,0.020616179,0.100949238,105.4517315
244,SPO2189.t01,gene,MSTRG.1707,1.702706856,0.020707841,0.101248516,109.7359058
253,SPO2217.t01,gene,MSTRG.1734,1.547117764,0.020796408,0.101531802,99.38342279
54,SPO1476.t01,gene,MSTRG.1157,0.623889821,0.021103433,0.102879234,93.92898551
1022,SPO0118.t01,gene,MSTRG.84,2.476481951,0.021202418,0.103210006,70.24105586
541,SPO3159.t01,gene,MSTRG.2478,0.728233148,0.021249084,0.103285503,407.7063892
539,SPO3154.t01,gene,MSTRG.2476,1.795893515,0.021282435,0.103296152,109.711503
575,SPO3306.t01,gene,MSTRG.2599,1.406018338,0.021345611,0.103300291,131.6362713
802,SPOA0255.t01,gene,MSTRG.3274,0.557964762,0.021336068,0.103300291,85.21541536
609,SPO3414.t01,gene,MSTRG.2693,1.654751525,0.021389022,0.103359486,127.1802782
699,SPO0449.t01,gene,MSTRG.298,1.593538974,0.021536503,0.103769635,106.7342773
948,SPO0089.t01,gene,MSTRG.61,0.512004804,0.021535312,0.103769635,83.6907075
1050,SPO1145.t01,gene,MSTRG.895,0.63108237,0.02164625,0.104147052,78.26639171
335,SPO2475.t01,gene,MSTRG.1934,1.430978405,0.021786026,0.104365138,155.1319908
644,SPO3561.t01,gene,MSTRG.2813,0.645207622,0.021770233,0.104365138,99.41491821
879,SPO0570.t01,gene,MSTRG.422,0.526129448,0.021739007,0.104365138,84.66948643
366,SPO2589.t01,gene,MSTRG.2027,1.491746482,0.021859532,0.104415488,108.3918501
542,SPO0345.t01,gene,MSTRG.248,1.908820558,0.021836577,0.104415488,117.139676
20,SPO1374.t01,gene,MSTRG.1074,1.480810969,0.022053811,0.10454171,186.1690304
36,SPO0154.t01,gene,MSTRG.111,0.620710413,0.021983733,0.10454171,93.55759157
118,SPO1663.t01,gene,MSTRG.1293,1.798667769,0.022075172,0.10454171,113.8269202
673,SPO3668.t01,gene,MSTRG.2904,0.402423441,0.022001204,0.10454171,90.05993386
1018,SPO1078.t01,gene,MSTRG.834,0.32162986,0.021962854,0.10454171,74.7371735
1073,SPO1245.t01,gene,MSTRG.967,1.395330719,0.02206779,0.10454171,98.91087607
90,SPO1584.t01,gene,MSTRG.1233,0.70668387,0.0221073,0.104544508,75.30076114
190,SPO1917.t01,gene,MSTRG.1500,1.50495817,0.022364092,0.104861337,106.9666881
216,SPO2030.t01,gene,MSTRG.1581,1.338155015,0.022363578,0.104861337,123.528273
386,SPO2643.t01,gene,MSTRG.2073,0.454039314,0.022363331,0.104861337,76.7344899
484,SPO2990.t01,gene,MSTRG.2332,1.392917921,0.022252465,0.104861337,104.3818209
696,SPO3748.t01,gene,MSTRG.2969,0.433021203,0.02233568,0.104861337,87.43995286
957,SPO0853.t01,gene,MSTRG.646,0.550951843,0.022322138,0.104861337,91.89769064
821,SPOA0306.t01,gene,MSTRG.3317,1.485290051,0.022446134,0.105097367,115.0107046
676,SPO3684.t01,gene,MSTRG.2918,1.516220643,0.022520582,0.105297223,121.6129467
624,SPO3478.t01,gene,MSTRG.2742,0.676380483,0.022598263,0.105363208,91.05256964
718,SPO3819.t01,gene,MSTRG.3022,1.622132828,0.022574696,0.105363208,124.3758498
56,SPO1480.t01,gene,MSTRG.1159,1.85157111,0.022782946,0.105630024,91.76911108
188,SPO1916.t01,gene,MSTRG.1499,1.550439956,0.022720916,0.105630024,176.5738639
612,SPO3419.t01,gene,MSTRG.2698,1.33221731,0.022765115,0.105630024,120.4782189
1004,SPO1055.t01,gene,MSTRG.816,0.249590416,0.022760691,0.105630024,87.96934757
199,SPO1941.t01,gene,MSTRG.1520,1.446487555,0.022832635,0.105712547,127.2121734
40,SPO1424.t01,gene,MSTRG.1121,1.418438623,0.022965821,0.10618089,114.8221051
261,SPO2238.t01,gene,MSTRG.1751,0.646592793,0.023186972,0.106756684,80.23953443
649,SPO3591.t01,gene,MSTRG.2840,0.572362486,0.023160111,0.106756684,82.00833443
956,SPO0850.t01,gene,MSTRG.643,0.652291725,0.023157153,0.106756684,82.49191593
362,SPO2569.t01,gene,MSTRG.2008,1.597017778,0.023366705,0.106989817,114.1036245
639,SPO3548.t01,gene,MSTRG.2803,1.32159453,0.023308799,0.106989817,122.4285422
653,SPO3602.t01,gene,MSTRG.2851,2.525661591,0.023366379,0.106989817,85.82127264
1078,SPO1268.t01,gene,MSTRG.986,2.59160548,0.023314021,0.106989817,26.7472924
987,SPO0997.t01,gene,MSTRG.767,0.706439024,0.023494859,0.107428215,86.58712679
1027,SPO1097.t01,gene,MSTRG.853,1.546249322,0.023548386,0.107524653,137.1133961
17,SPO1364a.t01,gene,MSTRG.1065,1.64487491,0.023655042,0.107567167,108.7521965
886,SPO0588.t01,gene,MSTRG.436,1.435048782,0.023644363,0.107567167,0.462254286
1056,SPO1188.t01,gene,MSTRG.916,1.5936143,0.023651013,0.107567167,100.178331
297,SPO2385.t01,gene,MSTRG.1871,0.661971225,0.023790128,0.107738082,84.41902732
482,SPO2988.t01,gene,MSTRG.2330,1.695097462,0.02373474,0.107738082,116.8275383
999,SPO1039.t01,gene,MSTRG.802,0.652942668,0.023760577,0.107738082,85.81656528
258,SPO2223.t01,gene,MSTRG.1740,1.340900613,0.023852166,0.107871667,177.2498821
659,SPO3621.t01,gene,MSTRG.2869,1.45673314,0.023889224,0.107874208,97.80209607
1036,SPO1119.t01,gene,MSTRG.872,1.637099984,0.023917811,0.107874208,109.6387772
332,SPO2465.t01,gene,MSTRG.1926,0.335905369,0.023961071,0.107922487,80.784476
1024,SPO1087.t01,gene,MSTRG.842,0.628920108,0.024016843,0.108026914,685.2912859
38,SPO1421.t01,gene,MSTRG.1118,1.529012346,0.024135195,0.108252153,90.8499255
207,SPO1966.t01,gene,MSTRG.1538,1.503601534,0.024164885,0.108252153,137.2200698
866,SPO0533.t01,gene,MSTRG.396,1.880581486,0.024157941,0.108252153,117.0819085
7,SPO1325.t01,gene,MSTRG.1027,0.471861803,0.024206238,0.108291066,77.17088864
558,SPO3224.t01,gene,MSTRG.2525,1.328113121,0.024285137,0.108497614,109.3235484
1053,SPO1153.t01,gene,MSTRG.903,1.429196073,0.024349255,0.108637661,80.50396764
176,SPO1857.t01,gene,MSTRG.1447,1.579844883,0.024515778,0.109233607,118.3333251
479,SPO2977.t01,gene,MSTRG.2321,0.68677304,0.024566236,0.109311507,99.61367447
1066,SPO0130.t01,gene,MSTRG.93,0.515116617,0.024655815,0.10956304,639.6959185
77,SPO1554.t01,gene,MSTRG.1209,0.603391176,0.024853838,0.110295144,82.23592986
660,SPO3622.t01,gene,MSTRG.2870,1.542944007,0.024895905,0.110334126,129.1798896
138,SPO0186.t01,gene,MSTRG.136,2.656399662,0.025024272,0.110460002,211.0748706
426,SPO2798.t01,gene,MSTRG.2184,1.758812447,0.024993829,0.110460002,113.0245079
632,SPO3502.t01,gene,MSTRG.2765,2.199049795,0.025014531,0.110460002,99.42457571
5,SPO0144.t01,gene,MSTRG.102,1.205126323,0.025305254,0.111331954,154.6402926
552,SPO3202.t01,gene,MSTRG.2510,1.616611494,0.02527236,0.111331954,142.7148471
711,SPO_Sp16SC.r01,gene,MSTRG.3008,0.191731814,0.025341395,0.111331954,1.529529929
764,SPO0468.t01,gene,MSTRG.317,0.306962687,0.025356146,0.111331954,80.72414342
578,SPO3309.t01,gene,MSTRG.2601,1.600527891,0.025456665,0.111625455,134.1852736
1021,SPO1084.t01,gene,MSTRG.839,1.629729154,0.025525008,0.111777281,110.6639597
415,SPO2738.t01,gene,MSTRG.2141,1.41475995,0.025577818,0.111797077,150.0382129
599,SPO0364.t01,gene,MSTRG.266,1.608544167,0.025684669,0.111797077,117.5695547
613,SPO0036.t01,gene,MSTRG.27,1.996522527,0.025639992,0.111797077,115.7138784
857,SPO0415.t01,gene,MSTRG.359,1.39823062,0.025651916,0.111797077,122.6128239
925,SPO0740.t01,gene,MSTRG.556,0.617586841,0.025698152,0.111797077,80.47745
846,SPO0055.t01,gene,MSTRG.34,1.495988612,0.025826428,0.111997071,89.04146471
938,SPO0781.t01,gene,MSTRG.591,0.76326867,0.025845478,0.111997071,106.3831334
976,SPO0931.t01,gene,MSTRG.709,0.661237824,0.025828325,0.111997071,97.54809693
377,SPO2616.t01,gene,MSTRG.2053,1.422985374,0.025913329,0.112144496,154.6526844
763,SPOA0117.t01,gene,MSTRG.3166,0.51625841,0.025990015,0.112329725,82.8430215
128,SPO1705.t01,gene,MSTRG.1325,0.641330282,0.026149433,0.112432386,74.7054855
462,SPO2940.t01,gene,MSTRG.2286,0.696482432,0.026073248,0.112432386,313.9780144
689,SPO3725.t01,gene,MSTRG.2953,1.315762911,0.026111422,0.112432386,140.5754471
838,SPOA0389.t01,gene,MSTRG.3382,1.400394563,0.026142183,0.112432386,112.5299756
715,SPO3812.t01,gene,MSTRG.3018,1.307069596,0.026236677,0.112661378,192.4481539
153,SPO0019.t01,gene,MSTRG.14,2.022843369,0.026276662,0.11268711,104.4368986
137,SPO0185.t01,gene,MSTRG.135,2.97859543,0.026414979,0.113051541,137.8855821
640,SPO3549.t01,gene,MSTRG.2804,1.61303585,0.026429847,0.113051541,89.22254871
113,SPO1647.t01,gene,MSTRG.1279,0.683953432,0.026524185,0.113308858,89.65192707
184,SPO1883.t01,gene,MSTRG.1471,1.438638905,0.02665465,0.113430164,153.1568294
515,SPO3092.t01,gene,MSTRG.2425,1.732529653,0.026655233,0.113430164,93.01748486
582,SPO3329.t01,gene,MSTRG.2621,1.649224717,0.026597344,0.113430164,133.0294872
65,SPO1521.t01,gene,MSTRG.1187,0.475636338,0.02681343,0.113957076,85.80747321
331,SPO2464.t01,gene,MSTRG.1925,1.441969373,0.026914235,0.114239037,96.38161229
817,SPOA0293.t01,gene,MSTRG.3306,2.002785745,0.027218527,0.115382887,110.3629235
243,SPO2177.t01,gene,MSTRG.1698,0.393242397,0.027388725,0.115590059,76.2379605
260,SPO0248.t01,gene,MSTRG.175,1.456884268,0.027478992,0.115590059,131.9434634
353,SPO2539.t01,gene,MSTRG.1988,0.553109567,0.027507037,0.115590059,86.42358857
381,SPO2625.t01,gene,MSTRG.2061,0.447433546,0.027458119,0.115590059,70.74164079
702,MSTRG.2987.1,gene,MSTRG.2987,1.290010921,0.027385973,0.115590059,157.418961
720,SPO3830.t01,gene,MSTRG.3026,1.790204042,0.027322449,0.115590059,108.0449644
929,SPO0751.t01,gene,MSTRG.566,1.56272411,0.02751148,0.115590059,99.280311
328,SPO2461.t01,gene,MSTRG.1922,1.752880126,0.027586849,0.115613657,147.1300261
1063,SPO1200.t01,gene,MSTRG.926,1.628447717,0.027580243,0.115613657,110.4537391
47,SPO1459.t01,gene,MSTRG.1146,0.630554668,0.027762676,0.116082674,86.03919123
239,SPO_Sp16SA.r01,gene,MSTRG.169,0.152780863,0.027768797,0.116082674,1.76904
140,SPO1766.t01,gene,MSTRG.1373,1.516682466,0.028001098,0.116630045,111.5951978
568,SPO_Sp16SB.r01,gene,MSTRG.2562,0.231183049,0.028005284,0.116630045,1.3411275
634,SPO3533.t01,gene,MSTRG.2789,0.702475597,0.02799744,0.116630045,87.90596636
672,SPO0038.t01,gene,MSTRG.29,1.436226701,0.028097732,0.11672178,146.8724273
1010,SPO1066.t01,gene,MSTRG.823,1.775829595,0.028080087,0.11672178,117.8512128
593,SPO3356.t01,gene,MSTRG.2645,2.066853309,0.028141217,0.116756114,100.2278516
833,SPOA0382.t01,gene,MSTRG.3376,0.647760547,0.028349217,0.117472069,82.34095271
427,SPO2802.t01,gene,MSTRG.2187,1.649919298,0.02840384,0.117551473,95.4082785
59,SPO1488.t01,gene,MSTRG.1162,1.968669508,0.028918189,0.117812295,88.064844
117,SPO1660.t01,gene,MSTRG.1290,0.476948422,0.028774192,0.117812295,68.99266014
132,SPO1721.t01,gene,MSTRG.1338,1.499017475,0.028585463,0.117812295,94.01310324
437,SPO0311.t01,gene,MSTRG.221,1.482494935,0.028776745,0.117812295,138.1690924
670,SPO3654.t01,gene,MSTRG.2898,1.416233205,0.028928871,0.117812295,155.2219919
823,SPOA0323.t01,gene,MSTRG.3329,1.269219157,0.028755432,0.117812295,157.4154603
858,SPO0057.t01,gene,MSTRG.36,0.725028477,0.028867836,0.117812295,374.4764099
869,SPO0548.t01,gene,MSTRG.409,1.379435098,0.028813176,0.117812295,135.9323266
882,SPO0575.t01,gene,MSTRG.427,0.412997698,0.028880795,0.117812295,84.85380966
885,SPO0584.t01,gene,MSTRG.433,0.451551058,0.028578785,0.117812295,84.38915321
893,SPO0614.t01,gene,MSTRG.456,1.511283317,0.028910793,0.117812295,109.8365703
1034,SPO1112.t01,gene,MSTRG.866,2.161021329,0.028671332,0.117812295,219.747309
1061,SPO1197.t01,gene,MSTRG.923,1.388947692,0.028620829,0.117812295,119.0696673
509,SPO3076.t01,gene,MSTRG.2409,0.426386264,0.028969111,0.117831416,1218.899013
771,SPOA0149.t01,gene,MSTRG.3191,0.594519493,0.029023419,0.11790764,87.76929586
29,SPO1397.t01,gene,MSTRG.1096,1.306103964,0.029159149,0.118314049,105.1205963
404,SPO2705.t01,gene,MSTRG.2121,0.507647259,0.029262943,0.118590042,22.743973
35,SPO1411.t01,gene,MSTRG.1108,1.414158792,0.029491276,0.119105875,85.64921264
194,SPO0209.t01,gene,MSTRG.151,1.325338167,0.029618364,0.119105875,178.0701108
285,SPO2340.t01,gene,MSTRG.1837,0.556244768,0.029742398,0.119105875,726.8909801
486,SPO2994.t01,gene,MSTRG.2336,1.313377672,0.029733991,0.119105875,104.8207212
570,SPO3285.t01,gene,MSTRG.2579,1.729576103,0.029749522,0.119105875,83.29788721
683,SPO3701.t01,gene,MSTRG.2934,1.841392224,0.029738762,0.119105875,127.2116983
738,SPOA0020.t01,gene,MSTRG.3093,0.74534668,0.029591784,0.119105875,91.22315189
854,SPOA0444.t01,gene,MSTRG.3427,0.734029814,0.029571369,0.119105875,578.8607767
895,SPO0624.t01,gene,MSTRG.465,2.684048231,0.029457067,0.119105875,62.16673136
1077,SPO1261.t01,gene,MSTRG.981,0.727353978,0.02972466,0.119105875,91.12466661
537,SPO3151.t01,gene,MSTRG.2473,1.520890775,0.029921236,0.119504696,177.2125189
682,SPO3700.t01,gene,MSTRG.2933,2.322848024,0.029919561,0.119504696,130.1461224
364,SPO2574.t01,gene,MSTRG.2013,1.27715255,0.029961062,0.119519759,94.87912689
37,SPO1419.t01,gene,MSTRG.1116,0.629243851,0.030011274,0.119576168,643.1263973
223,SPO2074.t01,gene,MSTRG.1616,1.743960209,0.03005251,0.119596723,118.3900226
701,SPO3767.t01,gene,MSTRG.2984,1.796483077,0.030326858,0.120543806,89.10684171
368,SPO0281.t01,gene,MSTRG.203,1.620404159,0.030502566,0.120882842,127.0155521
430,SPO2815.t01,gene,MSTRG.2195,1.81577276,0.030471824,0.120882842,103.5420574
600,SPO3385.t01,gene,MSTRG.2667,1.428670328,0.03052155,0.120882842,109.487436
203,SPO0211.t01,gene,MSTRG.153,0.452473202,0.03072454,0.120918303,78.21709836
267,SPO2263.t01,gene,MSTRG.1768,0.503567836,0.030668998,0.120918303,85.78049221
315,SPO0265.t01,gene,MSTRG.190,1.360081281,0.030783175,0.120918303,144.2088226
333,SPO2467.t01,gene,MSTRG.1928,1.523386688,0.030784418,0.120918303,124.4222149
445,SPO2878.t01,gene,MSTRG.2240,1.882626158,0.030732009,0.120918303,8.480344286
459,SPO2917.t01,gene,MSTRG.2270,0.294584783,0.030642168,0.120918303,1557.204054
724,SPO3848.t01,gene,MSTRG.3042,2.155224369,0.030822313,0.120918303,14.021414
748,SPOA0065.t01,gene,MSTRG.3127,0.630436188,0.030808714,0.120918303,92.21541824
470,SPO2952.t01,gene,MSTRG.2298,1.47934591,0.030925684,0.120936955,96.67435736
674,SPO3675.t01,gene,MSTRG.2910,0.457450116,0.030936512,0.120936955,100.0924818
1072,SPO1243.t01,gene,MSTRG.965,0.453676897,0.030886986,0.120936955,1008.90732
555,SPO3215.t01,gene,MSTRG.2518,2.340176559,0.031013296,0.12109432,82.50811657
549,SPO3185.t01,gene,MSTRG.2499,0.407159539,0.031074209,0.121189415,76.04833464
367,SPO2592.t01,gene,MSTRG.2029,1.609613234,0.031120988,0.121229229,91.03377979
301,SPO2411.t01,gene,MSTRG.1881,0.717889755,0.031177882,0.121308308,93.45716093
752,SPOA0089.t01,gene,MSTRG.3144,1.579613989,0.031273825,0.121404723,82.84613679
919,SPO0721.t01,gene,MSTRG.540,1.267157789,0.031275907,0.121404723,96.96085743
648,SPO3587.t01,gene,MSTRG.2837,0.779146484,0.031412898,0.121793867,286.9553222
237,SPO2161.t01,gene,MSTRG.1683,0.426041249,0.031541577,0.122149914,658.2507674
607,SPO3404.t01,gene,MSTRG.2683,1.809341271,0.031606749,0.122259479,103.9345572
359,SPO0277.t01,gene,MSTRG.200,1.119824494,0.031767674,0.122522557,210.6900469
675,SPO3678.t01,gene,MSTRG.2912,1.526227494,0.031785641,0.122522557,93.47146821
921,SPO0729.t01,gene,MSTRG.547,1.460160099,0.031773662,0.122522557,151.8109562
390,SPO2667.t01,gene,MSTRG.2090,0.626864679,0.031965711,0.122930781,83.61383557
485,SPO2992.t01,gene,MSTRG.2335,0.630692641,0.031943337,0.122930781,81.39431107
774,SPOA0153.t01,gene,MSTRG.3195,0.571906471,0.032172148,0.12358131,87.37294957
200,SPO1945.t01,gene,MSTRG.1524,1.322919564,0.032296225,0.123796325,118.4797867
236,SPO2156.t01,gene,MSTRG.1678,1.204338097,0.032303359,0.123796325,182.0536074
883,SPO0578.t01,gene,MSTRG.429,0.534537662,0.032340156,0.123796325,84.26640732
685,SPO3706.t01,gene,MSTRG.2939,0.547688092,0.032420095,0.123835893,95.89605218
754,SPO0466.t01,gene,MSTRG.315,0.552192632,0.032473424,0.123835893,88.44956943
986,SPO0996.t01,gene,MSTRG.766,1.703438625,0.032444824,0.123835893,97.512158
1081,SPO1276.t01,gene,MSTRG.992,1.601838051,0.032499918,0.123835893,88.03027593
517,SPO3096.t01,gene,MSTRG.2429,1.588126985,0.03260766,0.12410378,88.61135169
46,SPO1457.t01,gene,MSTRG.1144,1.56916296,0.0327198,0.124245287,121.2263031
827,SPOA0373.t01,gene,MSTRG.3367,0.702487017,0.032718178,0.124245287,80.10197129
177,SPO1858.t01,gene,MSTRG.1448,0.365345903,0.032849247,0.124451718,13.55650343
916,SPO0713.t01,gene,MSTRG.534,1.390321233,0.032848811,0.124451718,160.6967666
663,SPO3632.t01,gene,MSTRG.2878,2.006107554,0.032896089,0.124486911,136.1842297
651,SPO0436.t01,gene,MSTRG.285,1.386486655,0.033114226,0.125169509,126.5930346
340,SPO2486.t01,gene,MSTRG.1945,0.500463248,0.033434538,0.125413995,77.92923907
473,SPO2956.t01,gene,MSTRG.2302,1.416072042,0.033328958,0.125413995,94.1609035
562,SPO3246.t01,gene,MSTRG.2543,0.533769097,0.033282935,0.125413995,886.4513331
643,SPO3560.t01,gene,MSTRG.2812,0.360199348,0.03330497,0.125413995,79.993277
780,SPOA0169.t01,gene,MSTRG.3210,1.78155921,0.033405221,0.125413995,93.9194986
839,SPOA0398.t01,gene,MSTRG.3389,0.268832163,0.033443732,0.125413995,718.5041264
985,SPO0992.t01,gene,MSTRG.762,1.556637449,0.033440481,0.125413995,79.23434579
492,SPO3009.t01,gene,MSTRG.2349,1.331517465,0.033508604,0.125515278,106.6928189
14,SPO1356a.t01,gene,MSTRG.1056,1.6344626,0.033632808,0.125554907,133.186481
82,SPO1572.t01,gene,MSTRG.1222,0.708036064,0.03359078,0.125554907,301.9152244
276,SPO2308.t01,gene,MSTRG.1809,0.638975199,0.033598973,0.125554907,78.59882164
420,SPO2752.t01,gene,MSTRG.2150,1.671153197,0.033872356,0.126095451,142.5196375
466,SPO2944.t01,gene,MSTRG.2290,1.553094361,0.033847886,0.126095451,95.23393229
491,SPO_tRNA-Leu-5.r01,gene,MSTRG.2347,1.98274177,0.033949472,0.126095451,152.3292061
532,SPO3138.t01,gene,MSTRG.2462,1.734665584,0.033957703,0.126095451,100.4614091
826,SPO0384.t01,gene,MSTRG.335,1.733193658,0.033967794,0.126095451,112.802699
342,SPO0272.t01,gene,MSTRG.195,0.481398154,0.034078699,0.126365645,1457.088063
671,SPO3655.t01,gene,MSTRG.2899,1.493303634,0.034214458,0.126727294,127.3408132
596,SPO3368.t01,gene,MSTRG.2654,1.427908122,0.034378481,0.127192705,95.87559771
109,SPO1636.t01,gene,MSTRG.1270,1.352769316,0.034417406,0.127194763,112.5936179
963,SPO0883.t01,gene,MSTRG.669,1.317217612,0.034479009,0.127280527,95.53586047
146,SPO1776.t01,gene,MSTRG.1382,0.487919521,0.034529777,0.127326153,96.45149571
13,SPO1356.t01,gene,MSTRG.1055,1.515652522,0.03478102,0.127958634,146.9816126
215,SPO2025.t01,gene,MSTRG.1578,1.460008986,0.034995648,0.127958634,99.20321707
273,SPO2292.t01,gene,MSTRG.1794,1.489668152,0.035033715,0.127958634,102.1408784
493,SPO0328.t01,gene,MSTRG.235,1.632342211,0.034847379,0.127958634,98.8387628
505,SPO3063.t01,gene,MSTRG.2398,1.528596118,0.034980007,0.127958634,101.879808
524,SPO3122.t01,gene,MSTRG.2449,2.011039892,0.034942638,0.127958634,107.4782736
535,SPO3148.t01,gene,MSTRG.2470,1.65076112,0.035050913,0.127958634,84.58036421
767,SPOA0139.t01,gene,MSTRG.3182,2.131711565,0.035055995,0.127958634,106.7212947
781,SPOA0171.t01,gene,MSTRG.3211,1.842998283,0.035052821,0.127958634,94.95697114
884,SPO0581.t01,gene,MSTRG.430,0.489110022,0.0350873,0.127958634,93.71304979
475,SPO2959.t01,gene,MSTRG.2305,0.495697648,0.035336271,0.128724989,934.9587859
1,SPO1292.t01,gene,MSTRG.1001,0.702708464,0.03554735,0.129068418,254.3529445
33,SPO1407.t01,gene,MSTRG.1104,1.548760209,0.035471285,0.129068418,125.9092508
630,SPO_tRNA-Met-4.r01,gene,MSTRG.2759,0.595945598,0.035534096,0.129068418,475.1966062
396,SPO2689.t01,gene,MSTRG.2107,1.319323246,0.035732524,0.129598817,157.6491863
1057,SPO1189.t01,gene,MSTRG.917,0.325058843,0.035786842,0.129653969,85.01118314
417,SPO2746.t01,gene,MSTRG.2144,1.412578949,0.03585436,0.129756772,142.6794068
444,SPO0314.t01,gene,MSTRG.224,0.572955697,0.036053447,0.12984657,85.79874443
510,SPO0336.t01,gene,MSTRG.241,1.426419883,0.03607502,0.12984657,162.8725297
641,SPO3550.t01,gene,MSTRG.2805,1.507007866,0.036040828,0.12984657,115.9816317
693,SPO3737.t01,gene,MSTRG.2961,1.391254896,0.035960787,0.12984657,112.1501246
908,SPO0690.t01,gene,MSTRG.516,1.629650846,0.035970925,0.12984657,200.4968906
694,SPO3742.t01,gene,MSTRG.2964,1.461266269,0.036221004,0.130230616,97.61550486
191,SPO1919.t01,gene,MSTRG.1502,1.431342618,0.036286461,0.130302851,127.5567081
1000,SPO1043.t01,gene,MSTRG.804,0.346181019,0.036319709,0.130302851,82.89670957
740,SPOA0033.t01,gene,MSTRG.3099,0.73573672,0.036512893,0.130854313,476.4329594
912,SPO0699.t01,gene,MSTRG.524,0.462073492,0.036554745,0.130862828,88.95108329
394,SPO2685.t01,gene,MSTRG.2104,1.424065402,0.036606135,0.130905436,92.00814143
39,SPO0155.t01,gene,MSTRG.112,1.604305661,0.036739353,0.130958015,147.059003
920,SPO0726.t01,gene,MSTRG.545,1.474167075,0.03672262,0.130958015,173.5223657
943,SPO0087.t01,gene,MSTRG.60,0.660645831,0.036661497,0.130958015,94.4752267
64,SPO1514.t01,gene,MSTRG.1181,0.526423151,0.036892626,0.13136311,81.17773971
157,SPO1813.t01,gene,MSTRG.1413,0.417126815,0.03698034,0.13139317,736.3296094
707,SPO0451.t01,gene,MSTRG.300,0.789157195,0.036963071,0.13139317,94.82212671
594,SPO3361.t01,gene,MSTRG.2648,1.856205777,0.037088538,0.131636514,105.6018393
58,SPO1487.t01,gene,MSTRG.1161,1.521040834,0.037236996,0.131812475,91.22918521
432,SPO0307.t01,gene,MSTRG.220,0.664026491,0.037416452,0.131812475,98.79518068
546,SPO3173.t01,gene,MSTRG.2489,1.631003809,0.037236221,0.131812475,127.7086784
563,SPO3252.t01,gene,MSTRG.2545,0.49452086,0.037383922,0.131812475,963.0007935
998,SPO0012.t01,gene,MSTRG.8,1.473761588,0.037380073,0.131812475,184.9427386
1007,SPO1058.t01,gene,MSTRG.819,1.939120128,0.037372264,0.131812475,107.8549386
1040,SPO0123.t01,gene,MSTRG.88,1.684017634,0.037333629,0.131812475,124.42284
909,SPO0693.t01,gene,MSTRG.519,1.423758011,0.03754735,0.132133191,116.8693246
235,SPO2155.t01,gene,MSTRG.1677,0.56409593,0.037650227,0.132214516,86.53775243
254,SPO2218.t01,gene,MSTRG.1735,1.352120149,0.037637632,0.132214516,146.1696064
338,SPO2481.t01,gene,MSTRG.1940,0.463934415,0.03770544,0.132268288,78.46251743
262,SPO2248.t01,gene,MSTRG.1760,0.634471121,0.037925178,0.132478361,67.73891571
395,SPO2686.t01,gene,MSTRG.2105,1.623999272,0.037860945,0.132478361,155.2346556
946,SPO0800.t01,gene,MSTRG.605,0.764809234,0.037890699,0.132478361,82.26361779
1006,SPO1057.t01,gene,MSTRG.818,0.61481717,0.0378588,0.132478361,88.37216443
686,SPO0445.t01,gene,MSTRG.294,1.612490773,0.03801787,0.13252286,89.33859886
794,SPOA0219.t01,gene,MSTRG.3246,0.567642671,0.037985048,0.13252286,81.81780229
240,SPO2170.t01,gene,MSTRG.1691,0.621279269,0.038436485,0.133103302,81.46270579
346,SPO2511.t01,gene,MSTRG.1966,0.555258641,0.038464739,0.133103302,714.3597108
439,SPO2838.t01,gene,MSTRG.2213,0.627239695,0.038465449,0.133103302,62.69370379
543,SPO3165.t01,gene,MSTRG.2481,0.488527886,0.038293466,0.133103302,1157.949108
544,SPO3167.t01,gene,MSTRG.2483,1.411166167,0.038373204,0.133103302,129.0491971
553,SPO3204.t01,gene,MSTRG.2512,0.453304013,0.038426766,0.133103302,1393.188801
977,SPO0932.t01,gene,MSTRG.710,0.566244587,0.038394997,0.133103302,534.9121531
196,SPO1935.t01,gene,MSTRG.1516,2.059659794,0.038511306,0.133123022,110.591998
897,SPO0633.t01,gene,MSTRG.471,1.369123128,0.03858206,0.133228676,117.5610426
592,SPO3353.t01,gene,MSTRG.2642,1.381744415,0.038692185,0.133396393,126.1643424
867,SPO0535.t01,gene,MSTRG.398,1.90790878,0.03871111,0.133396393,100.4439737
824,SPOA0341.t01,gene,MSTRG.3343,0.657765591,0.038921196,0.133981062,94.92700843
560,SPO3236.t01,gene,MSTRG.2535,0.495070426,0.039098619,0.134452202,1049.839241
975,SPO0929.t01,gene,MSTRG.707,1.679776074,0.039140748,0.134457597,146.9280227
727,SPO3861.t01,gene,MSTRG.3052,0.619634405,0.039201267,0.134468917,775.1434456
1084,SPO1290.t01,gene,MSTRG.999,1.659104545,0.039225171,0.134468917,35.05875321
271,SPO2287.t01,gene,MSTRG.1789,0.489256245,0.039361442,0.134758545,1327.65344
655,SPO3609.t01,gene,MSTRG.2858,1.417528478,0.039472262,0.134758545,100.0311649
657,SPO3617.t01,gene,MSTRG.2866,1.78260961,0.039432159,0.134758545,167.7595394
1020,SPO1082.t01,gene,MSTRG.838,1.37416083,0.039423062,0.134758545,95.978471
464,SPO2942.t01,gene,MSTRG.2288,1.537704779,0.039607654,0.13508166,100.1219014
371,SPO2598.t01,gene,MSTRG.2035,1.357788764,0.039768702,0.135390675,140.0374309
863,SPO0494.t01,gene,MSTRG.379,0.388988026,0.039779945,0.135390675,5585.880842
150,SPO1782.t01,gene,MSTRG.1388,0.350528923,0.039894994,0.135535209,88.635132
862,SPO0493.t01,gene,MSTRG.378,0.367017489,0.039904182,0.135535209,5922.252537
3,SPO0143.t01,gene,MSTRG.101,1.296688154,0.040099595,0.136059526,98.67869936
907,SPO0689.t01,gene,MSTRG.515,1.519412222,0.040197994,0.136253936,142.2025337
1039,SPO1127.t01,gene,MSTRG.879,1.873939988,0.040373082,0.136707627,115.2652374
991,SPO1005.t01,gene,MSTRG.774,1.374489519,0.040603637,0.137348018,125.5252833
829,SPOA0375.t01,gene,MSTRG.3369,0.766331132,0.040693054,0.137510166,79.77262721
692,SPO3734.t01,gene,MSTRG.2958,3.819948563,0.040735304,0.137512763,1.221383357
345,SPO2509.t01,gene,MSTRG.1964,1.390814606,0.041000292,0.137845809,138.1769926
523,SPO3120.t01,gene,MSTRG.2448,1.539883244,0.040979367,0.137845809,113.6082934
608,SPO3410.t01,gene,MSTRG.2689,0.46031562,0.040977061,0.137845809,92.16132707
680,SPO3694.t01,gene,MSTRG.2928,1.247394762,0.040956581,0.137845809,90.20142432
488,SPO2999.t01,gene,MSTRG.2339,1.759811709,0.041237507,0.138502873,88.8776335
733,SPOA0001.t01,gene,MSTRG.3078,1.776160421,0.041333594,0.138588696,109.7171403
962,SPO0881.t01,gene,MSTRG.667,1.702569222,0.041346673,0.138588696,109.7715067
742,SPOA0037.t01,gene,MSTRG.3103,0.757585177,0.041522406,0.138896847,313.9437299
750,SPOA_tRNA-Phe-1.r01,gene,MSTRG.3136,0.485271154,0.041520711,0.138896847,1112.06972
849,SPOA0431.t01,gene,MSTRG.3416,1.727695588,0.041580408,0.138950658,103.112388
83,SPO1574.t01,gene,MSTRG.1224,0.704888403,0.041660767,0.138959192,96.93462829
99,SPO1610.t01,gene,MSTRG.1248,0.630404635,0.042181864,0.138959192,87.47206379
119,SPO1665.t01,gene,MSTRG.1295,1.532519617,0.041899411,0.138959192,120.1143442
123,SPO1686.t01,gene,MSTRG.1310,1.153878728,0.042167939,0.138959192,196.4856196
136,MSTRG.1344.1,gene,MSTRG.1344,1.341713469,0.042192894,0.138959192,156.4311635
205,SPO1962.t01,gene,MSTRG.1534,1.46391919,0.042161847,0.138959192,119.2867178
305,SPO2417.t01,gene,MSTRG.1886,0.725214996,0.042098542,0.138959192,98.63861243
327,SPO2460.t01,gene,MSTRG.1921,1.915461458,0.042094407,0.138959192,91.93949329
360,SPO2552.t01,gene,MSTRG.2000,1.705436685,0.041975928,0.138959192,44.92326734
375,SPO_tRNA-Val-3.r01,gene,MSTRG.2048,0.660025014,0.042027207,0.138959192,394.4203873
512,SPO3084.t01,gene,MSTRG.2417,1.372748543,0.041788027,0.138959192,102.1597256
614,SPO0369.t01,gene,MSTRG.271,4.578222735,0.0420952,0.138959192,9.963209857
642,SPO0431.t01,gene,MSTRG.281,1.618731773,0.042212119,0.138959192,135.9515158
735,SPOA0007.t01,gene,MSTRG.3084,1.680195817,0.042253655,0.138959192,147.4971049
901,SPO0656.t01,gene,MSTRG.488,1.669024115,0.042196738,0.138959192,99.09905443
917,SPO0715.t01,gene,MSTRG.535,1.523191518,0.042016335,0.138959192,188.6499863
410,SPO2724.t01,gene,MSTRG.2133,1.89701347,0.042437037,0.13928592,104.6799328
853,SPOA0439.t01,gene,MSTRG.3422,1.498592205,0.042428977,0.13928592,197.3062896
141,SPO1769.t01,gene,MSTRG.1376,1.517614911,0.042519089,0.139417192,121.7517109
275,SPO2302.t01,gene,MSTRG.1804,0.563706672,0.042688785,0.139835297,660.2222746
508,SPO3074.t01,gene,MSTRG.2407,0.574808464,0.042740872,0.139867709,815.1979456
457,SPO2916.t01,gene,MSTRG.2269,0.343115236,0.042966539,0.140248195,2116.648638
922,SPO0081.t01,gene,MSTRG.55,1.410331541,0.042984062,0.140248195,148.8168699
997,SPO1036.t01,gene,MSTRG.799,1.690200398,0.042981739,0.140248195,105.3827777
601,SPO3394.t01,gene,MSTRG.2675,1.501846866,0.04314476,0.140634098,105.2892924
731,SPO3878.t01,gene,MSTRG.3064,1.368015592,0.043244241,0.140819901,116.0876827
530,SPO3131.t01,gene,MSTRG.2456,1.72673148,0.043645868,0.141988275,103.6957884
828,SPOA0374.t01,gene,MSTRG.3368,0.726429765,0.043770415,0.14225385,87.22408386
496,SPO3023.t01,gene,MSTRG.2362,1.457213491,0.043827864,0.142301047,105.8775746
483,SPO2989.t01,gene,MSTRG.2331,1.480963751,0.043974908,0.142638767,108.3900599
751,SPO0465.t01,gene,MSTRG.314,0.418202312,0.044120229,0.142970242,20.06994821
16,SPO1358.t01,gene,MSTRG.1058,1.339235083,0.044309687,0.143443958,153.2702469
155,SPO1799.t01,gene,MSTRG.1402,0.303179669,0.044461837,0.143796086,67.21998157
628,SPO3489.t01,gene,MSTRG.2751,1.261607265,0.044543559,0.14391998,191.2481471
652,SPO3601.t01,gene,MSTRG.2850,1.504870286,0.04461573,0.144012798,115.3192795
257,SPO0247.t01,gene,MSTRG.174,1.201663378,0.044872353,0.144642078,200.5429449
383,SPO2637.t01,gene,MSTRG.2068,1.333634298,0.044897948,0.144642078,154.8406885
218,SPO2055.t01,gene,MSTRG.1601,1.332310087,0.045072582,0.1450637,141.0204729
295,SPO0262.t01,gene,MSTRG.187,1.340364555,0.045136523,0.145128588,135.8196955
159,SPO0194.t01,gene,MSTRG.142,1.606302305,0.045246243,0.145199704,105.8589394
881,SPO0574.t01,gene,MSTRG.426,1.536709798,0.045211202,0.145199704,92.2357885
48,SPO1462.t01,gene,MSTRG.1148,1.203775922,0.04537617,0.14537891,88.26094129
947,SPO0801.t01,gene,MSTRG.606,0.803537479,0.045389796,0.14537891,98.03624929
1029,SPO1102.t01,gene,MSTRG.858,1.653301753,0.045533772,0.145699281,114.3023286
452,SPO2901.t01,gene,MSTRG.2256,0.492747013,0.045663428,0.145832623,88.29284107
631,SPO0426.t01,gene,MSTRG.276,1.344782288,0.045648565,0.145832623,160.8269611
270,SPO2285.t01,gene,MSTRG.1787,0.593787432,0.045938523,0.146118683,781.5164273
337,SPO0271.t01,gene,MSTRG.194,0.494272918,0.046088368,0.146118683,1309.28719
476,SPO2960.t01,gene,MSTRG.2306,1.445388567,0.046056867,0.146118683,84.35763586
551,MSTRG.2509.1,gene,MSTRG.2509,1.423841409,0.045957655,0.146118683,158.8275682
646,SPO3581.t01,gene,MSTRG.2832,1.735330261,0.046105624,0.146118683,159.6204861
734,SPOA0006.t01,gene,MSTRG.3083,1.843982368,0.046091268,0.146118683,102.1006986
818,SPOA0294.t01,gene,MSTRG.3307,2.382018961,0.045853522,0.146118683,110.501267
1012,SPO1068.t01,gene,MSTRG.825,0.898165063,0.045925501,0.146118683,81.35695228
507,SPO3073.t01,gene,MSTRG.2406,0.497289137,0.04620294,0.146287247,1402.80918
108,SPO0174.t01,gene,MSTRG.127,0.7010305,0.046274938,0.146375401,104.2558171
259,SPO2228.t01,gene,MSTRG.1745,1.248393336,0.046341514,0.146446251,105.4198586
24,SPO1383.t01,gene,MSTRG.1083,0.540172241,0.046591067,0.146543433,1075.765436
78,SPO1561.t01,gene,MSTRG.1215,0.622327154,0.046637503,0.146543433,75.23733471
179,SPO0203.t01,gene,MSTRG.146,1.549244636,0.04659305,0.146543433,91.25401174
574,SPO3305.t01,gene,MSTRG.2598,1.558831921,0.046419705,0.146543433,177.0035542
654,SPO3603.t01,gene,MSTRG.2852,1.557742324,0.046628446,0.146543433,97.10698543
730,SPO0457.t01,gene,MSTRG.306,2.058758432,0.046534171,0.146543433,97.74434057
234,SPO2144.t01,gene,MSTRG.1671,1.709475815,0.046732392,0.146702536,127.2411848
279,SPO2316.t01,gene,MSTRG.1817,1.395332741,0.046828111,0.146863943,132.5708364
86,SPO1578.t01,gene,MSTRG.1228,0.56345002,0.047159114,0.147625899,84.87591271
637,SPO3540.t01,gene,MSTRG.2795,1.51809412,0.047166682,0.147625899,110.8202559
865,MSTRG.390.1,gene,MSTRG.390,0.550405339,0.047204662,0.147625899,943.3402974
339,SPO2485.t01,gene,MSTRG.1944,1.407925972,0.04731461,0.147691085,137.8741345
954,SPO0091.t01,gene,MSTRG.63,1.598000323,0.047299895,0.147691085,154.0003678
422,SPO0303.t01,gene,MSTRG.216,0.493297078,0.047514983,0.148037754,514.3600909
852,SPOA0438.t01,gene,MSTRG.3421,1.949292068,0.047503346,0.148037754,158.2247608
209,SPO1994.t01,gene,MSTRG.1557,1.575275061,0.047630098,0.148257065,89.69990071
618,SPO3447.t01,gene,MSTRG.2717,1.455376693,0.047689472,0.148302627,132.5078194
1038,SPO1125.t01,gene,MSTRG.877,0.63722635,0.047839949,0.148631145,80.66615364
120,SPO1669.t01,gene,MSTRG.1297,0.467913233,0.04790466,0.148663074,955.3196498
325,SPO2454.t01,gene,MSTRG.1917,1.458590532,0.048050227,0.148663074,124.6413671
565,SPO3260.t01,gene,MSTRG.2553,1.642496808,0.048035942,0.148663074,97.31925314
595,SPO0363.t01,gene,MSTRG.265,0.447699832,0.048074454,0.148663074,881.1478621
783,SPOA0193.t01,gene,MSTRG.3225,0.787252905,0.048022065,0.148663074,97.98239543
490,SPO_tRNA-Gly-6.r01,gene,MSTRG.2346,0.59551093,0.048337921,0.149276657,439.3153534
868,SPO_tRNA-Arg-3.r01,gene,MSTRG.403,0.434019649,0.048362935,0.149276657,1439.527086
583,SPO3330.t01,gene,MSTRG.2622,1.963823958,0.048503139,0.149570145,113.1439542
934,SPO0768.t01,gene,MSTRG.582,1.284938424,0.04859921,0.14972712,141.440088
129,SPO1707a.t01,gene,MSTRG.1327,1.497566354,0.048757824,0.150076311,99.53781359
195,SPO1931.t01,gene,MSTRG.1512,0.631460317,0.048993556,0.150522372,488.9108386
456,SPO2915.t01,gene,MSTRG.2268,0.357084339,0.048973179,0.150522372,2764.206425
481,SPO2987.t01,gene,MSTRG.2329,1.417560232,0.049261203,0.151204526,124.4731186
107,SPO1634.t01,gene,MSTRG.1268,1.409969353,0.049594123,0.151956374,131.7105479
408,SPO2718.t01,gene,MSTRG.2128,1.875674372,0.049597827,0.151956374,103.5093526
805,SPOA0262.t01,gene,MSTRG.3281,0.75682482,0.049704804,0.152143513,73.42234521
662,SPO3631.t01,gene,MSTRG.2877,1.762548646,0.049802031,0.152300492,158.0914404
